[{"model": "core.series", "pk": "0494cfeb-4f0b-4123-8a67-e70e6237f5dc", "fields": {"code": "KBZ", "name": "\u5f00\u5b9d\u85cf", "type": "SS", "volume_count": 100, "sutra_count": 30, "dynasty": "\u5b8b", "historic_site": "\u6c74\u6881", "publish_name": "\u8d75\u5321\u80e4", "publish_date": "1017-06-18", "publish_edition": 1, "publish_prints": 1, "publish_ISBN": null, "remark": ""}}, {"model": "core.series", "pk": "5eb40a40-2efc-4b14-814e-9bf57f8247bd", "fields": {"code": "QLZ", "name": "\u4e7e\u9686\u85cf", "type": "SS", "volume_count": 168, "sutra_count": 12, "dynasty": "\u6e05", "historic_site": "\u5317\u4eac", "publish_name": "\u4e2d\u56fd\u4e66\u5e97\u51fa\u7248\u793e", "publish_date": "2007-01-01", "publish_edition": 1, "publish_prints": 1, "publish_ISBN": "9787806635209", "remark": ""}}, {"model": "core.series", "pk": "5f689d56-d36f-47fc-86af-e876a49bcfcb", "fields": {"code": "GL", "name": "\u83e9\u63d0\u9053\u6b21\u7b2c\u7565\u8bba", "type": "OP", "volume_count": null, "sutra_count": null, "dynasty": null, "historic_site": null, "publish_name": null, "publish_date": null, "publish_edition": null, "publish_prints": null, "publish_ISBN": null, "remark": ""}}, {"model": "core.series", "pk": "bd36edf5-cc6d-4962-9198-a44d43f4f916", "fields": {"code": "YLBZ", "name": "\u6c38\u4e50\u5317\u85cf", "type": "SS", "volume_count": null, "sutra_count": null, "dynasty": "\u660e", "historic_site": null, "publish_name": null, "publish_date": null, "publish_edition": null, "publish_prints": null, "publish_ISBN": null, "remark": ""}}, {"model": "core.volume", "pk": "24de952e-bd83-4ad8-8758-99af6262fcdb", "fields": {"code": "QLZ002", "name": "\u7b2c\u4e8c\u518c", "series": "5eb40a40-2efc-4b14-814e-9bf57f8247bd", "start_page": null, "end_page": null, "remark": ""}}, {"model": "core.volume", "pk": "730a0d61-acf5-487a-96bf-c4c30681f61e", "fields": {"code": "QLZ001", "name": "\u7b2c\u4e00\u518c", "series": "5eb40a40-2efc-4b14-814e-9bf57f8247bd", "start_page": null, "end_page": null, "remark": ""}}, {"model": "core.volume", "pk": "a65c6214-8a40-47c7-abd1-4ce9bf6316bc", "fields": {"code": "KBZ-V001", "name": "\u7b2c\u4e00\u518c", "series": "0494cfeb-4f0b-4123-8a67-e70e6237f5dc", "start_page": null, "end_page": null, "remark": ""}}, {"model": "core.volume", "pk": "efbf3a8b-288a-4f38-85bb-9dce125ff987", "fields": {"code": "QLZ003", "name": "\u7b2c\u4e09\u518c", "series": "5eb40a40-2efc-4b14-814e-9bf57f8247bd", "start_page": null, "end_page": null, "remark": ""}}, {"model": "core.volume", "pk": "fc367682-027f-477f-9e2e-9f65afb4b8ca", "fields": {"code": "KBZ-V002", "name": "\u7b2c\u4e8c\u518c", "series": "0494cfeb-4f0b-4123-8a67-e70e6237f5dc", "start_page": null, "end_page": null, "remark": ""}}, {"model": "core.sutra", "pk": "1ebd870a-9573-4d26-9248-1640c06cc881", "fields": {"code": "QLZJ0002", "name": "\u653e\u5149\u822c\u82e5\u6ce2\u7f57\u871c\u7ecf", "type": "ST", "series": "5eb40a40-2efc-4b14-814e-9bf57f8247bd", "clazz": "\u822c\u82e5\u7c7b", "translator": "ae3e5db2-8766-49cc-aecf-175444dfa256", "dynasty": "\u5510", "historic_site": "\u7389\u534e\u5bfa", "roll_count": 30, "start_page": null, "end_page": null, "qianziwen": null, "remark": ""}}, {"model": "core.sutra", "pk": "2618d1ce-0009-44d1-bb91-cd431bca3082", "fields": {"code": "QLZJ0007", "name": "\u6cd5\u534e\u7ecf", "type": "ST", "series": "5eb40a40-2efc-4b14-814e-9bf57f8247bd", "clazz": "\u5929\u53f0", "translator": "40d84a50-8588-4b80-b920-92d3825be390", "dynasty": "\u540e\u51c9", "historic_site": "\u957f\u5b89", "roll_count": 78, "start_page": null, "end_page": null, "qianziwen": null, "remark": ""}}, {"model": "core.sutra", "pk": "6a37fdc4-3da0-4ffa-96c4-313881a7022d", "fields": {"code": "KBZ-S003", "name": "\u5706\u89c9\u7ecf", "type": "ST", "series": "0494cfeb-4f0b-4123-8a67-e70e6237f5dc", "clazz": null, "translator": null, "dynasty": null, "historic_site": null, "roll_count": null, "start_page": null, "end_page": null, "qianziwen": null, "remark": ""}}, {"model": "core.sutra", "pk": "8397958f-d07d-418e-b985-f3883c79174f", "fields": {"code": "QLZJ0001", "name": "\u5927\u822c\u82e5\u6ce2\u7f57\u871c\u591a\u7ecf", "type": "ST", "series": "5eb40a40-2efc-4b14-814e-9bf57f8247bd", "clazz": "\u822c\u82e5\u7c7b", "translator": "ae3e5db2-8766-49cc-aecf-175444dfa256", "dynasty": "\u5510", "historic_site": "\u6148\u6069\u5bfa", "roll_count": 600, "start_page": null, "end_page": null, "qianziwen": null, "remark": ""}}, {"model": "core.sutra", "pk": "96ba6ab4-5d08-48e0-8a0a-4a5f885560f9", "fields": {"code": "QLZJ0006", "name": "\u5341\u8bf5\u5f8b", "type": "RT", "series": "5eb40a40-2efc-4b14-814e-9bf57f8247bd", "clazz": "\u5927\u5c0f\u4e58\u5f8b", "translator": "40d84a50-8588-4b80-b920-92d3825be390", "dynasty": "\u5f18\u59cb", "historic_site": "\u897f\u660e\u9601", "roll_count": 55, "start_page": null, "end_page": null, "qianziwen": null, "remark": ""}}, {"model": "core.sutra", "pk": "af920878-0f63-49db-a6df-680fe49fdddf", "fields": {"code": "QLZJ0004", "name": "\u4e2d\u8bba", "type": "TT", "series": "5eb40a40-2efc-4b14-814e-9bf57f8247bd", "clazz": "\u4e2d\u89c2\u6d3e\u8bba", "translator": "40d84a50-8588-4b80-b920-92d3825be390", "dynasty": "\u5f18\u59cb", "historic_site": "\u897f\u660e\u9601", "roll_count": 32, "start_page": null, "end_page": null, "qianziwen": null, "remark": ""}}, {"model": "core.sutra", "pk": "be7da083-1ea2-4537-bd65-ae1795aafc62", "fields": {"code": "QLZJ0005", "name": "\u5341\u4e8c\u95e8\u8bba", "type": "TT", "series": "5eb40a40-2efc-4b14-814e-9bf57f8247bd", "clazz": "\u4e2d\u89c2\u6d3e\u8bba", "translator": "40d84a50-8588-4b80-b920-92d3825be390", "dynasty": "\u5f18\u59cb", "historic_site": "\u897f\u660e\u9601", "roll_count": 23, "start_page": null, "end_page": null, "qianziwen": null, "remark": ""}}, {"model": "core.sutra", "pk": "e0f7ed52-a037-4106-891c-92c2512e6cdf", "fields": {"code": "KBZ-S002", "name": "\u91d1\u521a\u7ecf", "type": "ST", "series": "0494cfeb-4f0b-4123-8a67-e70e6237f5dc", "clazz": "\u822c\u82e5\u7c7b", "translator": "ae3e5db2-8766-49cc-aecf-175444dfa256", "dynasty": "\u5510", "historic_site": "\u6148\u6069\u5bfa", "roll_count": 40, "start_page": null, "end_page": null, "qianziwen": null, "remark": ""}}, {"model": "core.sutra", "pk": "f3dc1c30-de1b-4692-973a-213c68f8b7f1", "fields": {"code": "KBZ-S001", "name": "\u5fc3\u7ecf", "type": "ST", "series": "0494cfeb-4f0b-4123-8a67-e70e6237f5dc", "clazz": "\u822c\u82e5\u7c7b", "translator": "40d84a50-8588-4b80-b920-92d3825be390", "dynasty": "\u59da\u79e6", "historic_site": "\u6210\u90fd", "roll_count": 30, "start_page": null, "end_page": null, "qianziwen": null, "remark": ""}}, {"model": "core.sutra", "pk": "f707b49d-d2c5-4c43-b776-cf5105ee03a9", "fields": {"code": "QLZJ0003", "name": "\u51fa\u4e09\u85cf\u8bb0\u96c6", "type": "ST", "series": "5eb40a40-2efc-4b14-814e-9bf57f8247bd", "clazz": "\u5927\u4e58\u7985\u7ecf", "translator": "40d84a50-8588-4b80-b920-92d3825be390", "dynasty": "\u5f18\u59cb", "historic_site": "\u897f\u660e\u9601", "roll_count": 294, "start_page": null, "end_page": null, "qianziwen": null, "remark": ""}}, {"model": "core.roll", "pk": "1199a635-b025-4778-b06e-3d0d6d4426de", "fields": {"code": "QLZJ0001-003", "name": "\u7b2c\u4e09\u5377", "series": "5eb40a40-2efc-4b14-814e-9bf57f8247bd", "sutra": "8397958f-d07d-418e-b985-f3883c79174f", "page_count": 30, "start_page": null, "end_page": null, "qianziwen": null, "remark": ""}}, {"model": "core.roll", "pk": "2f0dea37-6a30-4681-b9f3-1655dfeb64c5", "fields": {"code": "", "name": "\u7b2c\u4e09\u5377", "series": "0494cfeb-4f0b-4123-8a67-e70e6237f5dc", "sutra": "6a37fdc4-3da0-4ffa-96c4-313881a7022d", "page_count": null, "start_page": null, "end_page": null, "qianziwen": null, "remark": ""}}, {"model": "core.roll", "pk": "872505bb-0242-4ab3-b6e0-4aeff961a0f2", "fields": {"code": "QLZJ0001-004", "name": "\u7b2c\u56db\u5377", "series": "5eb40a40-2efc-4b14-814e-9bf57f8247bd", "sutra": "8397958f-d07d-418e-b985-f3883c79174f", "page_count": 30, "start_page": null, "end_page": null, "qianziwen": null, "remark": ""}}, {"model": "core.roll", "pk": "9a8dbd70-e855-486b-94c3-584d39c93b81", "fields": {"code": "QLZJ0001-002", "name": "\u7b2c\u4e8c\u5377", "series": "5eb40a40-2efc-4b14-814e-9bf57f8247bd", "sutra": "8397958f-d07d-418e-b985-f3883c79174f", "page_count": 30, "start_page": null, "end_page": null, "qianziwen": null, "remark": ""}}, {"model": "core.roll", "pk": "9f3e6e8f-ce63-47db-8b35-1f93583c2f2c", "fields": {"code": "QLZJ0001-005", "name": "\u7b2c\u4e94\u5377", "series": "5eb40a40-2efc-4b14-814e-9bf57f8247bd", "sutra": "8397958f-d07d-418e-b985-f3883c79174f", "page_count": 30, "start_page": null, "end_page": null, "qianziwen": null, "remark": ""}}, {"model": "core.roll", "pk": "c212fe89-ebee-4d9b-8029-c1753cd79750", "fields": {"code": "KBZ-S002-R001", "name": "\u7b2c\u4e00\u5377", "series": "0494cfeb-4f0b-4123-8a67-e70e6237f5dc", "sutra": "e0f7ed52-a037-4106-891c-92c2512e6cdf", "page_count": 50, "start_page": null, "end_page": null, "qianziwen": null, "remark": ""}}, {"model": "core.roll", "pk": "c8b7a0e6-84e6-47a1-9d39-969d8deffa33", "fields": {"code": "QLZJ0001-001", "name": "\u7b2c\u4e00\u5377", "series": "5eb40a40-2efc-4b14-814e-9bf57f8247bd", "sutra": "8397958f-d07d-418e-b985-f3883c79174f", "page_count": 30, "start_page": null, "end_page": null, "qianziwen": null, "remark": ""}}, {"model": "core.page", "pk": "0c5a541f-5e50-461a-8219-481853c6921f", "fields": {"code": "QLZ001-0006", "name": "6", "type": "content", "series": "5eb40a40-2efc-4b14-814e-9bf57f8247bd", "volume": "730a0d61-acf5-487a-96bf-c4c30681f61e", "sutra": "8397958f-d07d-418e-b985-f3883c79174f", "roll": "c8b7a0e6-84e6-47a1-9d39-969d8deffa33", "pre_page": null, "next_page": null}}, {"model": "core.page", "pk": "12383b77-8df2-4377-b9dc-2de5183d92e3", "fields": {"code": "QLZ002-0003", "name": "3", "type": "content", "series": "5eb40a40-2efc-4b14-814e-9bf57f8247bd", "volume": "24de952e-bd83-4ad8-8758-99af6262fcdb", "sutra": "af920878-0f63-49db-a6df-680fe49fdddf", "roll": "c8b7a0e6-84e6-47a1-9d39-969d8deffa33", "pre_page": null, "next_page": null}}, {"model": "core.page", "pk": "244e68f0-f903-4e17-82f7-b99a918afe0e", "fields": {"code": "QLZ001-0001", "name": "1", "type": "content", "series": "5eb40a40-2efc-4b14-814e-9bf57f8247bd", "volume": "730a0d61-acf5-487a-96bf-c4c30681f61e", "sutra": "8397958f-d07d-418e-b985-f3883c79174f", "roll": "c8b7a0e6-84e6-47a1-9d39-969d8deffa33", "pre_page": null, "next_page": null}}, {"model": "core.page", "pk": "29b4144a-946d-4838-a910-e06c367929a4", "fields": {"code": "QLZ001-0005", "name": "5", "type": "content", "series": "5eb40a40-2efc-4b14-814e-9bf57f8247bd", "volume": "730a0d61-acf5-487a-96bf-c4c30681f61e", "sutra": "8397958f-d07d-418e-b985-f3883c79174f", "roll": "c8b7a0e6-84e6-47a1-9d39-969d8deffa33", "pre_page": null, "next_page": null}}, {"model": "core.page", "pk": "3ed7f292-fe1c-44b4-94dc-328dbf9ec708", "fields": {"code": "QLZ002-0001", "name": "1", "type": "content", "series": "5eb40a40-2efc-4b14-814e-9bf57f8247bd", "volume": "24de952e-bd83-4ad8-8758-99af6262fcdb", "sutra": "af920878-0f63-49db-a6df-680fe49fdddf", "roll": "c8b7a0e6-84e6-47a1-9d39-969d8deffa33", "pre_page": null, "next_page": null}}, {"model": "core.page", "pk": "48fc8594-80e1-409d-b0f3-4a5ca0fa5a1c", "fields": {"code": "QLZ001-0002", "name": "2", "type": "content", "series": "5eb40a40-2efc-4b14-814e-9bf57f8247bd", "volume": "730a0d61-acf5-487a-96bf-c4c30681f61e", "sutra": "8397958f-d07d-418e-b985-f3883c79174f", "roll": "c8b7a0e6-84e6-47a1-9d39-969d8deffa33", "pre_page": null, "next_page": null}}, {"model": "core.page", "pk": "6736e9dc-50c4-48b1-b7d9-28af16cb162e", "fields": {"code": "QLZ002-0002", "name": "2", "type": "content", "series": "5eb40a40-2efc-4b14-814e-9bf57f8247bd", "volume": "24de952e-bd83-4ad8-8758-99af6262fcdb", "sutra": "af920878-0f63-49db-a6df-680fe49fdddf", "roll": "c8b7a0e6-84e6-47a1-9d39-969d8deffa33", "pre_page": null, "next_page": null}}, {"model": "core.page", "pk": "855c28a5-e3a8-4c23-8ccc-dc3d52c153ba", "fields": {"code": "KBZ-S002-R001-P002", "name": "1", "type": "content", "series": "0494cfeb-4f0b-4123-8a67-e70e6237f5dc", "volume": "a65c6214-8a40-47c7-abd1-4ce9bf6316bc", "sutra": "6a37fdc4-3da0-4ffa-96c4-313881a7022d", "roll": "2f0dea37-6a30-4681-b9f3-1655dfeb64c5", "pre_page": null, "next_page": null}}, {"model": "core.page", "pk": "914b3dae-1c3c-4d09-9c8c-7bc50911dbfd", "fields": {"code": "QLZ001-0003", "name": "3", "type": "content", "series": "5eb40a40-2efc-4b14-814e-9bf57f8247bd", "volume": "730a0d61-acf5-487a-96bf-c4c30681f61e", "sutra": "8397958f-d07d-418e-b985-f3883c79174f", "roll": "c8b7a0e6-84e6-47a1-9d39-969d8deffa33", "pre_page": null, "next_page": null}}, {"model": "core.page", "pk": "99437625-4439-4bd0-8dbe-d41829588ddf", "fields": {"code": "QLZ002-0004", "name": "4", "type": "content", "series": "5eb40a40-2efc-4b14-814e-9bf57f8247bd", "volume": "24de952e-bd83-4ad8-8758-99af6262fcdb", "sutra": "af920878-0f63-49db-a6df-680fe49fdddf", "roll": "c8b7a0e6-84e6-47a1-9d39-969d8deffa33", "pre_page": null, "next_page": null}}, {"model": "core.page", "pk": "a5d0977e-44fe-4e1a-b9c0-497b9d37707c", "fields": {"code": "KBZ-S002-R001-P001", "name": "1", "type": "content", "series": "0494cfeb-4f0b-4123-8a67-e70e6237f5dc", "volume": "a65c6214-8a40-47c7-abd1-4ce9bf6316bc", "sutra": "e0f7ed52-a037-4106-891c-92c2512e6cdf", "roll": "c212fe89-ebee-4d9b-8029-c1753cd79750", "pre_page": null, "next_page": null}}, {"model": "core.page", "pk": "f6208a1e-c974-4c95-869b-c97052933164", "fields": {"code": "QLZ001-0004", "name": "4", "type": "content", "series": "5eb40a40-2efc-4b14-814e-9bf57f8247bd", "volume": "730a0d61-acf5-487a-96bf-c4c30681f61e", "sutra": "8397958f-d07d-418e-b985-f3883c79174f", "roll": "c8b7a0e6-84e6-47a1-9d39-969d8deffa33", "pre_page": null, "next_page": null}}, {"model": "core.pageresource", "pk": "276d4582-e592-45ad-bbb6-3bf7c2a993ad", "fields": {"page": "a5d0977e-44fe-4e1a-b9c0-497b9d37707c", "type": "image", "source": "hand", "resource": "0008_ghgfDvN.png"}}, {"model": "core.pageresource", "pk": "33cc31d9-5b29-4702-9866-b67f6a60f22f", "fields": {"page": "f6208a1e-c974-4c95-869b-c97052933164", "type": "image", "source": "hand", "resource": "0007.png"}}, {"model": "core.pageresource", "pk": "381f36df-9121-4d7b-a174-0935a2fa9fbe", "fields": {"page": "29b4144a-946d-4838-a910-e06c367929a4", "type": "image", "source": "hand", "resource": "0008.png"}}, {"model": "core.pageresource", "pk": "3bfb9d03-aca3-486a-84cf-7ed72c4fc5f8", "fields": {"page": "6736e9dc-50c4-48b1-b7d9-28af16cb162e", "type": "image", "source": "hand", "resource": "0002.png"}}, {"model": "core.pageresource", "pk": "5ed5cf3b-3ccc-46c8-a4d9-88ad91736d4b", "fields": {"page": "855c28a5-e3a8-4c23-8ccc-dc3d52c153ba", "type": "text", "source": "hand", "resource": "roll_55_nxxl9KD.txt"}}, {"model": "core.pageresource", "pk": "6675de8a-04cb-427a-a58e-df84934ab635", "fields": {"page": "855c28a5-e3a8-4c23-8ccc-dc3d52c153ba", "type": "image", "source": "hand", "resource": "0004_IQ9LJ7g.png"}}, {"model": "core.pageresource", "pk": "6a4d19c0-9750-47fb-8ae9-2b842b74fb5c", "fields": {"page": "914b3dae-1c3c-4d09-9c8c-7bc50911dbfd", "type": "image", "source": "hand", "resource": "0005.png"}}, {"model": "core.pageresource", "pk": "834538b9-30b9-41bb-a7fc-8a434692de7c", "fields": {"page": "3ed7f292-fe1c-44b4-94dc-328dbf9ec708", "type": "text", "source": "hand", "resource": "roll_55.txt"}}, {"model": "core.pageresource", "pk": "8f08aa19-0b23-4077-a9b1-574a121674e0", "fields": {"page": "0c5a541f-5e50-461a-8219-481853c6921f", "type": "image", "source": "hand", "resource": "0006.png"}}, {"model": "core.pageresource", "pk": "9b3cd18d-bbf3-42ee-b5a2-64d98b8c99fe", "fields": {"page": "244e68f0-f903-4e17-82f7-b99a918afe0e", "type": "image", "source": "hand", "resource": "0001.png"}}, {"model": "core.pageresource", "pk": "a07755f4-f224-4b27-8097-bdad9a3af13b", "fields": {"page": "a5d0977e-44fe-4e1a-b9c0-497b9d37707c", "type": "text", "source": "hand", "resource": "roll_56_z5nur6Q.txt"}}, {"model": "core.pageresource", "pk": "a37064df-1f83-4183-95ea-0f517be22a85", "fields": {"page": "48fc8594-80e1-409d-b0f3-4a5ca0fa5a1c", "type": "image", "source": "hand", "resource": "0004.png"}}, {"model": "core.pageresource", "pk": "e7699260-388c-4be4-870d-cbcff174afcc", "fields": {"page": "f6208a1e-c974-4c95-869b-c97052933164", "type": "text", "source": "hand", "resource": "roll_56_NYRIJyS.txt"}}, {"model": "core.pageresource", "pk": "e920f3e5-6919-4918-a809-968edce9b8b5", "fields": {"page": "3ed7f292-fe1c-44b4-94dc-328dbf9ec708", "type": "image", "source": "hand", "resource": "0008_In8D6sY.png"}}, {"model": "core.translator", "pk": "40d84a50-8588-4b80-b920-92d3825be390", "fields": {"name": "\u9e20\u6469\u7f57\u4ec0\u4e09\u85cf\u6cd5\u5e08", "type": "TS", "remark": ""}}, {"model": "core.translator", "pk": "ae3e5db2-8766-49cc-aecf-175444dfa256", "fields": {"name": "\u7384\u5958", "type": "TS", "remark": ""}}, {"model": "core.normname", "pk": "4f67dc6b-0a36-4f6a-ba4b-98fbabce8e67", "fields": {"name": "\u4e7e\u9686\u85cf", "type": "series", "remark": ""}}, {"model": "core.normname", "pk": "73adc9fd-16a1-446e-ab03-e01f7ae2ff7d", "fields": {"name": "\u59da\u79e6", "type": "dynasty", "remark": ""}}, {"model": "core.normname", "pk": "8b13f40a-0af9-461f-bc27-3879c167704e", "fields": {"name": "\u5fc3\u7ecf", "type": "sutra", "remark": ""}}, {"model": "core.normname", "pk": "96261ef1-aec0-43ba-9d15-24238d2581ab", "fields": {"name": "\u9e20\u6469\u7f57\u4ec0", "type": "trans", "remark": ""}}, {"model": "core.normnamemap", "pk": "44cc84d2-323c-414d-8ab7-6750e5c2a393", "fields": {"type": "series", "name": "\u4e7e\u9686\u5927\u85cf\u7ecf", "norm_name": "4f67dc6b-0a36-4f6a-ba4b-98fbabce8e67", "remark": ""}}, {"model": "core.normnamemap", "pk": "835927ff-cda3-4d8e-8493-90ea4ed6acf2", "fields": {"type": "trans", "name": "\u9e20\u6469\u7f57\u4ec0\u4e09\u85cf", "norm_name": "96261ef1-aec0-43ba-9d15-24238d2581ab", "remark": ""}}, {"model": "core.normnamemap", "pk": "8bfad895-16f6-4713-9c53-001729cadf1d", "fields": {"type": "dynasty", "name": "\u540e\u79e6", "norm_name": "73adc9fd-16a1-446e-ab03-e01f7ae2ff7d", "remark": ""}}, {"model": "core.normnamemap", "pk": "b91a755e-857a-46eb-8f83-ab70461026bf", "fields": {"type": "trans", "name": "\u7f57\u4ec0", "norm_name": "96261ef1-aec0-43ba-9d15-24238d2581ab", "remark": ""}}, {"model": "core.normnamemap", "pk": "e7f5d850-c99a-412e-a758-aaa6004cddcb", "fields": {"type": "sutra", "name": "\u822c\u82e5\u591a\u7f57\u5bc6\u5fc3\u7ecf", "norm_name": "8b13f40a-0af9-461f-bc27-3879c167704e", "remark": ""}}, {"model": "core.normnamemap", "pk": "fb4bbf15-6f1a-4ffe-bfaf-fc808c4b9015", "fields": {"type": "dynasty", "name": "\u5148\u79e6", "norm_name": "73adc9fd-16a1-446e-ab03-e01f7ae2ff7d", "remark": ""}}]