[{"model": "contenttypes.contenttype", "pk": 1, "fields": {"app_label": "admin", "model": "logentry"}}, {"model": "contenttypes.contenttype", "pk": 2, "fields": {"app_label": "auth", "model": "group"}}, {"model": "contenttypes.contenttype", "pk": 3, "fields": {"app_label": "auth", "model": "permission"}}, {"model": "contenttypes.contenttype", "pk": 4, "fields": {"app_label": "auth", "model": "user"}}, {"model": "contenttypes.contenttype", "pk": 5, "fields": {"app_label": "contenttypes", "model": "contenttype"}}, {"model": "contenttypes.contenttype", "pk": 6, "fields": {"app_label": "sessions", "model": "session"}}, {"model": "contenttypes.contenttype", "pk": 7, "fields": {"app_label": "xadmin", "model": "log"}}, {"model": "contenttypes.contenttype", "pk": 8, "fields": {"app_label": "xadmin", "model": "usersettings"}}, {"model": "contenttypes.contenttype", "pk": 9, "fields": {"app_label": "xadmin", "model": "bookmark"}}, {"model": "contenttypes.contenttype", "pk": 10, "fields": {"app_label": "xadmin", "model": "userwidget"}}, {"model": "contenttypes.contenttype", "pk": 11, "fields": {"app_label": "reversion", "model": "version"}}, {"model": "contenttypes.contenttype", "pk": 12, "fields": {"app_label": "reversion", "model": "revision"}}, {"model": "contenttypes.contenttype", "pk": 13, "fields": {"app_label": "core", "model": "series"}}, {"model": "contenttypes.contenttype", "pk": 14, "fields": {"app_label": "core", "model": "roll"}}, {"model": "contenttypes.contenttype", "pk": 15, "fields": {"app_label": "core", "model": "page"}}, {"model": "contenttypes.contenttype", "pk": 16, "fields": {"app_label": "core", "model": "sutra"}}, {"model": "contenttypes.contenttype", "pk": 17, "fields": {"app_label": "core", "model": "pageresource"}}, {"model": "contenttypes.contenttype", "pk": 18, "fields": {"app_label": "core", "model": "translator"}}, {"model": "contenttypes.contenttype", "pk": 19, "fields": {"app_label": "core", "model": "volume"}}, {"model": "contenttypes.contenttype", "pk": 20, "fields": {"app_label": "core", "model": "accessrecord"}}, {"model": "contenttypes.contenttype", "pk": 21, "fields": {"app_label": "core", "model": "normnamemap"}}, {"model": "contenttypes.contenttype", "pk": 22, "fields": {"app_label": "core", "model": "normname"}}, {"model": "sessions.session", "pk": "0eopa9ahixadfb6mteq61a1f9p7couae", "fields": {"session_data": "NDMyM2QxMDQzODhkODMyNTMxNmVkMjZkMDNhZWZiZWQ3Y2ViNTFjNDp7Il9hdXRoX3VzZXJfaGFzaCI6IjQ3NGQ3YzUyOWQyM2JhM2ZmNWFiOWQzMmZlOWFhYTk0ZmYyN2YxYTAiLCJfYXV0aF91c2VyX2lkIjoiMSIsIkxJU1RfUVVFUlkiOltbImNvcmUiLCJub3JtbmFtZSJdLCImX3FfPSZfY29scz1pZC5fX3N0cl9fIl0sIl9hdXRoX3VzZXJfYmFja2VuZCI6ImRqYW5nby5jb250cmliLmF1dGguYmFja2VuZHMuTW9kZWxCYWNrZW5kIn0=", "expire_date": "2017-07-06T16:11:31.252Z"}}, {"model": "sessions.session", "pk": "1vzaosx2ye8ly9087ebfb3ci60s03le3", "fields": {"session_data": "OTIzZTljMTMwYjI3NWYxOWZiZjRkNGFjMTEyOTFlZjk0MGVjZjgwNzp7IkxJU1RfUVVFUlkiOltbImNvcmUiLCJzZXJpZXMiXSwiIl0sIl9hdXRoX3VzZXJfaWQiOiIzIiwiX2F1dGhfdXNlcl9iYWNrZW5kIjoiZGphbmdvLmNvbnRyaWIuYXV0aC5iYWNrZW5kcy5Nb2RlbEJhY2tlbmQiLCJfYXV0aF91c2VyX2hhc2giOiIwODgxOGM0ZjA2OWJhYzUzYzZmZTRjYzdiZmZkNDQyMWQxYjMxMGFlIn0=", "expire_date": "2017-07-14T13:17:54.662Z"}}, {"model": "sessions.session", "pk": "22tie810bokqz8rf6b3gxqdavsycluxs", "fields": {"session_data": "NzNjOWRjZGIxMmUzZDEwNDlmMjIwNzdhN2NlZjEyNjdhMzdlNzM5ODp7Il9hdXRoX3VzZXJfaWQiOiIxIiwiX2F1dGhfdXNlcl9iYWNrZW5kIjoiZGphbmdvLmNvbnRyaWIuYXV0aC5iYWNrZW5kcy5Nb2RlbEJhY2tlbmQiLCJfYXV0aF91c2VyX2hhc2giOiI0NzRkN2M1MjlkMjNiYTNmZjVhYjlkMzJmZTlhYWE5NGZmMjdmMWEwIiwiTElTVF9RVUVSWSI6W1siY29yZSIsInBhZ2UiXSwiIl19", "expire_date": "2017-07-04T16:08:08.777Z"}}, {"model": "sessions.session", "pk": "3xkgkizrwxhhioebnlh39854v90xrz0p", "fields": {"session_data": "YTc5MzVhNzlkZTBhYjI4OGQ1MTczY2MxMWYzMDg5MDNmYzViMmU5Njp7Il9hdXRoX3VzZXJfaWQiOiIxIiwiX2F1dGhfdXNlcl9iYWNrZW5kIjoiZGphbmdvLmNvbnRyaWIuYXV0aC5iYWNrZW5kcy5Nb2RlbEJhY2tlbmQiLCJ3aXphcmRfY29yZXRyYW5zbGF0b3JfYWRtaW5fd2l6YXJkX2Zvcm1fcGx1Z2luIjp7InN0ZXBfZmlsZXMiOnt9LCJzdGVwIjoiRmlyc3QncyBGb3JtIiwiZXh0cmFfZGF0YSI6e30sInN0ZXBfZGF0YSI6e319LCJMSVNUX1FVRVJZIjpbWyJjb3JlIiwic3V0cmEiXSwiJl9xXz0mX2NvbHM9aWQuX19zdHJfXyJdLCJfYXV0aF91c2VyX2hhc2giOiI0NzRkN2M1MjlkMjNiYTNmZjVhYjlkMzJmZTlhYWE5NGZmMjdmMWEwIn0=", "expire_date": "2017-07-03T16:37:26.352Z"}}, {"model": "sessions.session", "pk": "ajivqxqidtodbck14c70p7t9fehjk80b", "fields": {"session_data": "YmY5MjAzZDE2NjVhMzhlOTdlODdmZjk2YmZlYWY4NmU0ODkxMzc3NDp7Il9hdXRoX3VzZXJfYmFja2VuZCI6ImRqYW5nby5jb250cmliLmF1dGguYmFja2VuZHMuTW9kZWxCYWNrZW5kIiwiTElTVF9RVUVSWSI6W1siY29yZSIsInN1dHJhIl0sIiZfcV89Jl9jb2xzPWlkLl9fc3RyX18iXSwiX2F1dGhfdXNlcl9oYXNoIjoiNDc0ZDdjNTI5ZDIzYmEzZmY1YWI5ZDMyZmU5YWFhOTRmZjI3ZjFhMCIsIl9hdXRoX3VzZXJfaWQiOiIxIn0=", "expire_date": "2017-07-06T13:58:29.765Z"}}, {"model": "sessions.session", "pk": "hnc2fofad9q701putjd342lh53rmogdi", "fields": {"session_data": "Mjk4YmY4ZWJhNGI0MDJmY2Y2Mjk5YzI3MDVkOWEwNTY1ZWExNmE4Zjp7Il9hdXRoX3VzZXJfaWQiOiIzIiwiX2F1dGhfdXNlcl9iYWNrZW5kIjoiZGphbmdvLmNvbnRyaWIuYXV0aC5iYWNrZW5kcy5Nb2RlbEJhY2tlbmQiLCJfYXV0aF91c2VyX2hhc2giOiIwODgxOGM0ZjA2OWJhYzUzYzZmZTRjYzdiZmZkNDQyMWQxYjMxMGFlIiwiTElTVF9RVUVSWSI6W1siY29yZSIsImFjY2Vzc3JlY29yZCJdLCJfcF9kYXRlX19sdD0yMDE3LTA2LTE2JnA9MSZfcF9kYXRlX19ndGU9MjAxNy0wMS0wMSJdfQ==", "expire_date": "2017-07-07T13:48:29.473Z"}}, {"model": "sessions.session", "pk": "iq3o8gxtmyxs2qtn16p85yaxdlaay3e9", "fields": {"session_data": "NDgxNjEzOWY5MTNiYWQyZDhjMWQwMTBkODEzZWQ2ZDNlYjJhNGY2MDp7Il9hdXRoX3VzZXJfaWQiOiIxIiwiTElTVF9RVUVSWSI6W1siY29yZSIsInNlcmllcyJdLCIiXSwiX2F1dGhfdXNlcl9oYXNoIjoiYjA5NWM3OTkzNzFjMGExMzgzYjhkZWUzNjNlMjcyNDlkODExZjZhMSIsIl9hdXRoX3VzZXJfYmFja2VuZCI6ImRqYW5nby5jb250cmliLmF1dGguYmFja2VuZHMuTW9kZWxCYWNrZW5kIn0=", "expire_date": "2017-07-15T15:27:19.859Z"}}, {"model": "sessions.session", "pk": "juug9ldg3ig5mzo153l76sxiq8v2kr59", "fields": {"session_data": "NWQyYjBiYzM5ZDE5YmIwZmE0YzFiMDUyNzJmNjdkOGZhNGJhY2IyNjp7Il9hdXRoX3VzZXJfaGFzaCI6IjA4ODE4YzRmMDY5YmFjNTNjNmZlNGNjN2JmZmQ0NDIxZDFiMzEwYWUiLCJMSVNUX1FVRVJZIjpbWyJjb3JlIiwiYWNjZXNzcmVjb3JkIl0sIl9wX2RhdGVfX2x0PTIwMTctMDYtMTYmcD0xJl9wX2RhdGVfX2d0ZT0yMDE3LTAxLTAxIl0sIl9hdXRoX3VzZXJfaWQiOiIzIiwiX2F1dGhfdXNlcl9iYWNrZW5kIjoiZGphbmdvLmNvbnRyaWIuYXV0aC5iYWNrZW5kcy5Nb2RlbEJhY2tlbmQifQ==", "expire_date": "2017-07-07T06:27:09.129Z"}}, {"model": "sessions.session", "pk": "oh3r0e7ffuubfbyb77s92okcgq79uzlf", "fields": {"session_data": "ZDdjNDNkOGFmN2M2ZThlODI1ZDMxYTc1Y2NkMGNkMTRhMDViNTVmMzp7Il9hdXRoX3VzZXJfYmFja2VuZCI6ImRqYW5nby5jb250cmliLmF1dGguYmFja2VuZHMuTW9kZWxCYWNrZW5kIiwiTElTVF9RVUVSWSI6W1siY29yZSIsImFjY2Vzc3JlY29yZCJdLCJfcF9kYXRlX19ndGU9MjAxMy0wMS0wOCZwPTEmX3BfZGF0ZV9fbHQ9MjAxMy0wMS0yOSJdLCJfYXV0aF91c2VyX2lkIjoiMSIsIl9hdXRoX3VzZXJfaGFzaCI6IjQ3NGQ3YzUyOWQyM2JhM2ZmNWFiOWQzMmZlOWFhYTk0ZmYyN2YxYTAifQ==", "expire_date": "2017-07-01T16:12:48.041Z"}}, {"model": "sessions.session", "pk": "u8hz3aphecd7pe4ijfrllie9gidsocy9", "fields": {"session_data": "MjFlODUwNDE5M2IxYjljZWI1NTliNGY4ZWYxYzM0NTc4MDc0MzYzNTp7IkxJU1RfUVVFUlkiOltbImNvcmUiLCJwYWdlIl0sIm89dm9sdW1lLm5hbWUiXSwiX2F1dGhfdXNlcl9iYWNrZW5kIjoiZGphbmdvLmNvbnRyaWIuYXV0aC5iYWNrZW5kcy5Nb2RlbEJhY2tlbmQiLCJfYXV0aF91c2VyX2hhc2giOiI0NzRkN2M1MjlkMjNiYTNmZjVhYjlkMzJmZTlhYWE5NGZmMjdmMWEwIiwiX2F1dGhfdXNlcl9pZCI6IjEifQ==", "expire_date": "2017-06-30T15:13:46.945Z"}}, {"model": "sessions.session", "pk": "vvu7d6u9koi6ps9mcjfn4hri7krk7ukw", "fields": {"session_data": "NDJjMzUxNDAzOWIzODk1MzYyZDZmOWIxOGNhY2NkOWE0ZTM4ZTc3ZDp7Il9hdXRoX3VzZXJfYmFja2VuZCI6ImRqYW5nby5jb250cmliLmF1dGguYmFja2VuZHMuTW9kZWxCYWNrZW5kIiwiTElTVF9RVUVSWSI6W1siY29yZSIsInBhZ2UiXSwiIl0sIl9hdXRoX3VzZXJfaWQiOiIxIiwiX2F1dGhfdXNlcl9oYXNoIjoiNDc0ZDdjNTI5ZDIzYmEzZmY1YWI5ZDMyZmU5YWFhOTRmZjI3ZjFhMCJ9", "expire_date": "2017-07-04T15:59:18.109Z"}}, {"model": "reversion.version", "pk": 1, "fields": {"revision": 1, "object_id": "5eb40a40-2efc-4b14-814e-9bf57f8247bd", "content_type": 13, "db": "default", "format": "json", "serialized_data": "[{\"model\": \"core.series\", \"pk\": \"5eb40a40-2efc-4b14-814e-9bf57f8247bd\", \"fields\": {\"code\": \"QLZ\", \"name\": \"\\u4e7e\\u9686\\u85cf\", \"type\": \"SS\", \"volume_count\": 168, \"sutra_count\": null, \"dynasty\": \"\\u6e05\", \"historic_site\": \"\\u5317\\u4eac\", \"publish_name\": \"\\u4e2d\\u56fd\\u4e66\\u5e97\\u51fa\\u7248\\u793e\", \"publish_date\": \"2007-01-01\", \"publish_edition\": 1, \"publish_prints\": 1, \"publish_ISBN\": \"9787806635209\", \"remark\": \"\"}}]", "object_repr": "\u4e7e\u9686\u85cf"}}, {"model": "reversion.version", "pk": 2, "fields": {"revision": 2, "object_id": "bd36edf5-cc6d-4962-9198-a44d43f4f916", "content_type": 13, "db": "default", "format": "json", "serialized_data": "[{\"model\": \"core.series\", \"pk\": \"bd36edf5-cc6d-4962-9198-a44d43f4f916\", \"fields\": {\"code\": \"YLBZ\", \"name\": \"\\u6c38\\u4e50\\u5317\\u85cf\", \"type\": \"SS\", \"volume_count\": null, \"sutra_count\": null, \"dynasty\": null, \"historic_site\": null, \"publish_name\": null, \"publish_date\": null, \"publish_edition\": null, \"publish_prints\": null, \"publish_ISBN\": null, \"remark\": \"\"}}]", "object_repr": "\u6c38\u4e50\u5317\u85cf"}}, {"model": "reversion.version", "pk": 3, "fields": {"revision": 3, "object_id": "5f689d56-d36f-47fc-86af-e876a49bcfcb", "content_type": 13, "db": "default", "format": "json", "serialized_data": "[{\"model\": \"core.series\", \"pk\": \"5f689d56-d36f-47fc-86af-e876a49bcfcb\", \"fields\": {\"code\": \"GL\", \"name\": \"\\u83e9\\u63d0\\u9053\\u6b21\\u7b2c\\u7565\\u8bba\", \"type\": \"OP\", \"volume_count\": null, \"sutra_count\": null, \"dynasty\": null, \"historic_site\": null, \"publish_name\": null, \"publish_date\": null, \"publish_edition\": null, \"publish_prints\": null, \"publish_ISBN\": null, \"remark\": \"\"}}]", "object_repr": "\u83e9\u63d0\u9053\u6b21\u7b2c\u7565\u8bba"}}, {"model": "reversion.version", "pk": 4, "fields": {"revision": 4, "object_id": "bd36edf5-cc6d-4962-9198-a44d43f4f916", "content_type": 13, "db": "default", "format": "json", "serialized_data": "[{\"model\": \"core.series\", \"pk\": \"bd36edf5-cc6d-4962-9198-a44d43f4f916\", \"fields\": {\"code\": \"YLBZ\", \"name\": \"\\u6c38\\u4e50\\u5317\\u85cf\", \"type\": \"SS\", \"volume_count\": null, \"sutra_count\": null, \"dynasty\": \"\\u660e\", \"historic_site\": null, \"publish_name\": null, \"publish_date\": null, \"publish_edition\": null, \"publish_prints\": null, \"publish_ISBN\": null, \"remark\": \"\"}}]", "object_repr": "\u6c38\u4e50\u5317\u85cf"}}, {"model": "reversion.version", "pk": 5, "fields": {"revision": 5, "object_id": "5eb40a40-2efc-4b14-814e-9bf57f8247bd", "content_type": 13, "db": "default", "format": "json", "serialized_data": "[{\"model\": \"core.series\", \"pk\": \"5eb40a40-2efc-4b14-814e-9bf57f8247bd\", \"fields\": {\"code\": \"QLZ\", \"name\": \"\\u4e7e\\u9686\\u85cf\", \"type\": \"SS\", \"volume_count\": 168, \"sutra_count\": 12, \"dynasty\": \"\\u6e05\", \"historic_site\": \"\\u5317\\u4eac\", \"publish_name\": \"\\u4e2d\\u56fd\\u4e66\\u5e97\\u51fa\\u7248\\u793e\", \"publish_date\": \"2007-01-01\", \"publish_edition\": 1, \"publish_prints\": 1, \"publish_ISBN\": \"9787806635209\", \"remark\": \"\"}}]", "object_repr": "\u4e7e\u9686\u85cf"}}, {"model": "reversion.version", "pk": 6, "fields": {"revision": 6, "object_id": "730a0d61-acf5-487a-96bf-c4c30681f61e", "content_type": 19, "db": "default", "format": "json", "serialized_data": "[{\"model\": \"core.volume\", \"pk\": \"730a0d61-acf5-487a-96bf-c4c30681f61e\", \"fields\": {\"code\": \"QLZ001\", \"name\": \"QLZ\", \"series\": \"5eb40a40-2efc-4b14-814e-9bf57f8247bd\", \"start_page\": null, \"end_page\": null, \"remark\": \"\"}}]", "object_repr": "QLZ"}}, {"model": "reversion.version", "pk": 7, "fields": {"revision": 7, "object_id": "24de952e-bd83-4ad8-8758-99af6262fcdb", "content_type": 19, "db": "default", "format": "json", "serialized_data": "[{\"model\": \"core.volume\", \"pk\": \"24de952e-bd83-4ad8-8758-99af6262fcdb\", \"fields\": {\"code\": \"QLZ002\", \"name\": \"\\u7b2c\\u4e8c\\u518c\", \"series\": \"5eb40a40-2efc-4b14-814e-9bf57f8247bd\", \"start_page\": null, \"end_page\": null, \"remark\": \"\"}}]", "object_repr": "\u7b2c\u4e8c\u518c"}}, {"model": "reversion.version", "pk": 8, "fields": {"revision": 8, "object_id": "730a0d61-acf5-487a-96bf-c4c30681f61e", "content_type": 19, "db": "default", "format": "json", "serialized_data": "[{\"model\": \"core.volume\", \"pk\": \"730a0d61-acf5-487a-96bf-c4c30681f61e\", \"fields\": {\"code\": \"QLZ001\", \"name\": \"\\u7b2c\\u4e00\\u518c\", \"series\": \"5eb40a40-2efc-4b14-814e-9bf57f8247bd\", \"start_page\": null, \"end_page\": null, \"remark\": \"\"}}]", "object_repr": "\u7b2c\u4e00\u518c"}}, {"model": "reversion.version", "pk": 9, "fields": {"revision": 9, "object_id": "efbf3a8b-288a-4f38-85bb-9dce125ff987", "content_type": 19, "db": "default", "format": "json", "serialized_data": "[{\"model\": \"core.volume\", \"pk\": \"efbf3a8b-288a-4f38-85bb-9dce125ff987\", \"fields\": {\"code\": \"QLZ003\", \"name\": \"\\u7b2c\\u4e09\\u518c\", \"series\": \"5eb40a40-2efc-4b14-814e-9bf57f8247bd\", \"start_page\": null, \"end_page\": null, \"remark\": \"\"}}]", "object_repr": "\u7b2c\u4e09\u518c"}}, {"model": "reversion.version", "pk": 10, "fields": {"revision": 10, "object_id": "ae3e5db2-8766-49cc-aecf-175444dfa256", "content_type": 18, "db": "default", "format": "json", "serialized_data": "[{\"model\": \"core.translator\", \"pk\": \"ae3e5db2-8766-49cc-aecf-175444dfa256\", \"fields\": {\"name\": \"\\u7384\\u5958\", \"type\": \"TS\", \"remark\": \"\"}}]", "object_repr": "\u7384\u5958"}}, {"model": "reversion.version", "pk": 11, "fields": {"revision": 11, "object_id": "8397958f-d07d-418e-b985-f3883c79174f", "content_type": 16, "db": "default", "format": "json", "serialized_data": "[{\"model\": \"core.sutra\", \"pk\": \"8397958f-d07d-418e-b985-f3883c79174f\", \"fields\": {\"code\": \"QLZJ0001\", \"name\": \"\\u5927\\u822c\\u82e5\\u6ce2\\u7f57\\u871c\\u591a\\u7ecf\", \"type\": \"ST\", \"series\": \"5eb40a40-2efc-4b14-814e-9bf57f8247bd\", \"clazz\": \"\\u822c\\u82e5\\u7c7b\", \"translator\": \"ae3e5db2-8766-49cc-aecf-175444dfa256\", \"dynasty\": \"\\u5510\", \"historic_site\": \"\\u6148\\u6069\\u5bfa\", \"roll_count\": 600, \"start_page\": null, \"end_page\": null, \"qianziwen\": null, \"remark\": \"\"}}]", "object_repr": "\u5927\u822c\u82e5\u6ce2\u7f57\u871c\u591a\u7ecf"}}, {"model": "reversion.version", "pk": 12, "fields": {"revision": 12, "object_id": "1ebd870a-9573-4d26-9248-1640c06cc881", "content_type": 16, "db": "default", "format": "json", "serialized_data": "[{\"model\": \"core.sutra\", \"pk\": \"1ebd870a-9573-4d26-9248-1640c06cc881\", \"fields\": {\"code\": \"QLZJ0002\", \"name\": \"\\u653e\\u5149\\u822c\\u82e5\\u6ce2\\u7f57\\u871c\\u7ecf\", \"type\": \"ST\", \"series\": \"5eb40a40-2efc-4b14-814e-9bf57f8247bd\", \"clazz\": \"\\u822c\\u82e5\\u7c7b\", \"translator\": \"ae3e5db2-8766-49cc-aecf-175444dfa256\", \"dynasty\": \"\\u5510\", \"historic_site\": \"\\u7389\\u534e\\u5bfa\", \"roll_count\": null, \"start_page\": null, \"end_page\": null, \"qianziwen\": null, \"remark\": \"\"}}]", "object_repr": "\u653e\u5149\u822c\u82e5\u6ce2\u7f57\u871c\u7ecf"}}, {"model": "reversion.version", "pk": 13, "fields": {"revision": 13, "object_id": "1ebd870a-9573-4d26-9248-1640c06cc881", "content_type": 16, "db": "default", "format": "json", "serialized_data": "[{\"model\": \"core.sutra\", \"pk\": \"1ebd870a-9573-4d26-9248-1640c06cc881\", \"fields\": {\"code\": \"QLZJ0002\", \"name\": \"\\u653e\\u5149\\u822c\\u82e5\\u6ce2\\u7f57\\u871c\\u7ecf\", \"type\": \"ST\", \"series\": \"5eb40a40-2efc-4b14-814e-9bf57f8247bd\", \"clazz\": \"\\u822c\\u82e5\\u7c7b\", \"translator\": \"ae3e5db2-8766-49cc-aecf-175444dfa256\", \"dynasty\": \"\\u5510\", \"historic_site\": \"\\u7389\\u534e\\u5bfa\", \"roll_count\": 30, \"start_page\": null, \"end_page\": null, \"qianziwen\": null, \"remark\": \"\"}}]", "object_repr": "\u653e\u5149\u822c\u82e5\u6ce2\u7f57\u871c\u7ecf"}}, {"model": "reversion.version", "pk": 14, "fields": {"revision": 14, "object_id": "40d84a50-8588-4b80-b920-92d3825be390", "content_type": 18, "db": "default", "format": "json", "serialized_data": "[{\"model\": \"core.translator\", \"pk\": \"40d84a50-8588-4b80-b920-92d3825be390\", \"fields\": {\"name\": \"\\u9e20\\u6469\\u7f57\\u4ec0\\u4e09\\u85cf\\u6cd5\\u5e08\", \"type\": \"TS\", \"remark\": \"\"}}]", "object_repr": "\u9e20\u6469\u7f57\u4ec0\u4e09\u85cf\u6cd5\u5e08"}}, {"model": "reversion.version", "pk": 15, "fields": {"revision": 15, "object_id": "f707b49d-d2c5-4c43-b776-cf5105ee03a9", "content_type": 16, "db": "default", "format": "json", "serialized_data": "[{\"model\": \"core.sutra\", \"pk\": \"f707b49d-d2c5-4c43-b776-cf5105ee03a9\", \"fields\": {\"code\": \"QLZJ0003\", \"name\": \"\\u51fa\\u4e09\\u85cf\\u8bb0\\u96c6\", \"type\": \"ST\", \"series\": \"5eb40a40-2efc-4b14-814e-9bf57f8247bd\", \"clazz\": \"\\u5927\\u4e58\\u7985\\u7ecf\", \"translator\": \"40d84a50-8588-4b80-b920-92d3825be390\", \"dynasty\": \"\\u5f18\\u59cb\", \"historic_site\": \"\\u897f\\u660e\\u9601\", \"roll_count\": 294, \"start_page\": null, \"end_page\": null, \"qianziwen\": null, \"remark\": \"\"}}]", "object_repr": "\u51fa\u4e09\u85cf\u8bb0\u96c6"}}, {"model": "reversion.version", "pk": 16, "fields": {"revision": 16, "object_id": "af920878-0f63-49db-a6df-680fe49fdddf", "content_type": 16, "db": "default", "format": "json", "serialized_data": "[{\"model\": \"core.sutra\", \"pk\": \"af920878-0f63-49db-a6df-680fe49fdddf\", \"fields\": {\"code\": \"QLZJ0004\", \"name\": \"\\u4e2d\\u8bba\", \"type\": \"TT\", \"series\": \"5eb40a40-2efc-4b14-814e-9bf57f8247bd\", \"clazz\": \"\\u4e2d\\u89c2\\u6d3e\\u8bba\", \"translator\": \"40d84a50-8588-4b80-b920-92d3825be390\", \"dynasty\": \"\\u5f18\\u59cb\", \"historic_site\": \"\\u897f\\u660e\\u9601\", \"roll_count\": 32, \"start_page\": null, \"end_page\": null, \"qianziwen\": null, \"remark\": \"\"}}]", "object_repr": "\u4e2d\u8bba"}}, {"model": "reversion.version", "pk": 17, "fields": {"revision": 17, "object_id": "be7da083-1ea2-4537-bd65-ae1795aafc62", "content_type": 16, "db": "default", "format": "json", "serialized_data": "[{\"model\": \"core.sutra\", \"pk\": \"be7da083-1ea2-4537-bd65-ae1795aafc62\", \"fields\": {\"code\": \"QLZJ0005\", \"name\": \"\\u5341\\u4e8c\\u95e8\\u8bba\", \"type\": \"TT\", \"series\": \"5eb40a40-2efc-4b14-814e-9bf57f8247bd\", \"clazz\": \"\\u4e2d\\u89c2\\u6d3e\\u8bba\", \"translator\": \"40d84a50-8588-4b80-b920-92d3825be390\", \"dynasty\": \"\\u5f18\\u59cb\", \"historic_site\": \"\\u897f\\u660e\\u9601\", \"roll_count\": 23, \"start_page\": null, \"end_page\": null, \"qianziwen\": null, \"remark\": \"\"}}]", "object_repr": "\u5341\u4e8c\u95e8\u8bba"}}, {"model": "reversion.version", "pk": 18, "fields": {"revision": 18, "object_id": "96ba6ab4-5d08-48e0-8a0a-4a5f885560f9", "content_type": 16, "db": "default", "format": "json", "serialized_data": "[{\"model\": \"core.sutra\", \"pk\": \"96ba6ab4-5d08-48e0-8a0a-4a5f885560f9\", \"fields\": {\"code\": \"QLZJ0006\", \"name\": \"\\u5341\\u8bf5\\u5f8b\", \"type\": \"RT\", \"series\": \"5eb40a40-2efc-4b14-814e-9bf57f8247bd\", \"clazz\": \"\\u5927\\u5c0f\\u4e58\\u5f8b\", \"translator\": \"40d84a50-8588-4b80-b920-92d3825be390\", \"dynasty\": \"\\u5f18\\u59cb\", \"historic_site\": \"\\u897f\\u660e\\u9601\", \"roll_count\": 55, \"start_page\": null, \"end_page\": null, \"qianziwen\": null, \"remark\": \"\"}}]", "object_repr": "\u5341\u8bf5\u5f8b"}}, {"model": "reversion.version", "pk": 19, "fields": {"revision": 19, "object_id": "2618d1ce-0009-44d1-bb91-cd431bca3082", "content_type": 16, "db": "default", "format": "json", "serialized_data": "[{\"model\": \"core.sutra\", \"pk\": \"2618d1ce-0009-44d1-bb91-cd431bca3082\", \"fields\": {\"code\": \"QLZJ0007\", \"name\": \"\\u6cd5\\u534e\\u7ecf\", \"type\": \"ST\", \"series\": \"5eb40a40-2efc-4b14-814e-9bf57f8247bd\", \"clazz\": \"\\u5929\\u53f0\", \"translator\": \"40d84a50-8588-4b80-b920-92d3825be390\", \"dynasty\": \"\\u540e\\u51c9\", \"historic_site\": \"\\u957f\\u5b89\", \"roll_count\": 78, \"start_page\": null, \"end_page\": null, \"qianziwen\": null, \"remark\": \"\"}}]", "object_repr": "\u6cd5\u534e\u7ecf"}}, {"model": "reversion.version", "pk": 20, "fields": {"revision": 20, "object_id": "c8b7a0e6-84e6-47a1-9d39-969d8deffa33", "content_type": 14, "db": "default", "format": "json", "serialized_data": "[{\"model\": \"core.roll\", \"pk\": \"c8b7a0e6-84e6-47a1-9d39-969d8deffa33\", \"fields\": {\"code\": \"QLZJ0001-001\", \"name\": \"\\u7b2c\\u4e00\\u5377\", \"series\": \"5eb40a40-2efc-4b14-814e-9bf57f8247bd\", \"sutra\": \"8397958f-d07d-418e-b985-f3883c79174f\", \"page_count\": 30, \"start_page\": null, \"end_page\": null, \"qianziwen\": null, \"remark\": \"\"}}]", "object_repr": "\u7b2c\u4e00\u5377"}}, {"model": "reversion.version", "pk": 21, "fields": {"revision": 21, "object_id": "9a8dbd70-e855-486b-94c3-584d39c93b81", "content_type": 14, "db": "default", "format": "json", "serialized_data": "[{\"model\": \"core.roll\", \"pk\": \"9a8dbd70-e855-486b-94c3-584d39c93b81\", \"fields\": {\"code\": \"QLZJ0001-002\", \"name\": \"\\u7b2c\\u4e8c\\u5377\", \"series\": \"5eb40a40-2efc-4b14-814e-9bf57f8247bd\", \"sutra\": \"8397958f-d07d-418e-b985-f3883c79174f\", \"page_count\": 30, \"start_page\": null, \"end_page\": null, \"qianziwen\": null, \"remark\": \"\"}}]", "object_repr": "\u7b2c\u4e8c\u5377"}}, {"model": "reversion.version", "pk": 22, "fields": {"revision": 22, "object_id": "1199a635-b025-4778-b06e-3d0d6d4426de", "content_type": 14, "db": "default", "format": "json", "serialized_data": "[{\"model\": \"core.roll\", \"pk\": \"1199a635-b025-4778-b06e-3d0d6d4426de\", \"fields\": {\"code\": \"QLZJ0001-003\", \"name\": \"\\u7b2c\\u4e09\\u5377\", \"series\": \"5eb40a40-2efc-4b14-814e-9bf57f8247bd\", \"sutra\": \"8397958f-d07d-418e-b985-f3883c79174f\", \"page_count\": 30, \"start_page\": null, \"end_page\": null, \"qianziwen\": null, \"remark\": \"\"}}]", "object_repr": "\u7b2c\u4e09\u5377"}}, {"model": "reversion.version", "pk": 23, "fields": {"revision": 23, "object_id": "872505bb-0242-4ab3-b6e0-4aeff961a0f2", "content_type": 14, "db": "default", "format": "json", "serialized_data": "[{\"model\": \"core.roll\", \"pk\": \"872505bb-0242-4ab3-b6e0-4aeff961a0f2\", \"fields\": {\"code\": \"QLZJ0001-004\", \"name\": \"\\u7b2c\\u56db\\u5377\", \"series\": \"5eb40a40-2efc-4b14-814e-9bf57f8247bd\", \"sutra\": \"af920878-0f63-49db-a6df-680fe49fdddf\", \"page_count\": 30, \"start_page\": null, \"end_page\": null, \"qianziwen\": null, \"remark\": \"\"}}]", "object_repr": "\u7b2c\u56db\u5377"}}, {"model": "reversion.version", "pk": 24, "fields": {"revision": 24, "object_id": "9f3e6e8f-ce63-47db-8b35-1f93583c2f2c", "content_type": 14, "db": "default", "format": "json", "serialized_data": "[{\"model\": \"core.roll\", \"pk\": \"9f3e6e8f-ce63-47db-8b35-1f93583c2f2c\", \"fields\": {\"code\": \"QLZJ0001-005\", \"name\": \"\\u7b2c\\u4e94\\u5377\", \"series\": \"5eb40a40-2efc-4b14-814e-9bf57f8247bd\", \"sutra\": \"8397958f-d07d-418e-b985-f3883c79174f\", \"page_count\": 30, \"start_page\": null, \"end_page\": null, \"qianziwen\": null, \"remark\": \"\"}}]", "object_repr": "\u7b2c\u4e94\u5377"}}, {"model": "reversion.version", "pk": 25, "fields": {"revision": 25, "object_id": "872505bb-0242-4ab3-b6e0-4aeff961a0f2", "content_type": 14, "db": "default", "format": "json", "serialized_data": "[{\"model\": \"core.roll\", \"pk\": \"872505bb-0242-4ab3-b6e0-4aeff961a0f2\", \"fields\": {\"code\": \"QLZJ0001-004\", \"name\": \"\\u7b2c\\u56db\\u5377\", \"series\": \"5eb40a40-2efc-4b14-814e-9bf57f8247bd\", \"sutra\": \"8397958f-d07d-418e-b985-f3883c79174f\", \"page_count\": 30, \"start_page\": null, \"end_page\": null, \"qianziwen\": null, \"remark\": \"\"}}]", "object_repr": "\u7b2c\u56db\u5377"}}, {"model": "reversion.version", "pk": 26, "fields": {"revision": 26, "object_id": "244e68f0-f903-4e17-82f7-b99a918afe0e", "content_type": 15, "db": "default", "format": "json", "serialized_data": "[{\"model\": \"core.page\", \"pk\": \"244e68f0-f903-4e17-82f7-b99a918afe0e\", \"fields\": {\"code\": \"QLZ001-0001\", \"name\": \"1\", \"series\": \"5eb40a40-2efc-4b14-814e-9bf57f8247bd\", \"volume\": \"730a0d61-acf5-487a-96bf-c4c30681f61e\", \"sutra\": \"8397958f-d07d-418e-b985-f3883c79174f\", \"roll\": \"c8b7a0e6-84e6-47a1-9d39-969d8deffa33\", \"pre_page\": null, \"next_page\": null}}]", "object_repr": "1"}}, {"model": "reversion.version", "pk": 27, "fields": {"revision": 27, "object_id": "48fc8594-80e1-409d-b0f3-4a5ca0fa5a1c", "content_type": 15, "db": "default", "format": "json", "serialized_data": "[{\"model\": \"core.page\", \"pk\": \"48fc8594-80e1-409d-b0f3-4a5ca0fa5a1c\", \"fields\": {\"code\": \"QLZ001-0002\", \"name\": \"2\", \"series\": \"5eb40a40-2efc-4b14-814e-9bf57f8247bd\", \"volume\": \"730a0d61-acf5-487a-96bf-c4c30681f61e\", \"sutra\": \"8397958f-d07d-418e-b985-f3883c79174f\", \"roll\": \"c8b7a0e6-84e6-47a1-9d39-969d8deffa33\", \"pre_page\": null, \"next_page\": null}}]", "object_repr": "2"}}, {"model": "reversion.version", "pk": 28, "fields": {"revision": 28, "object_id": "914b3dae-1c3c-4d09-9c8c-7bc50911dbfd", "content_type": 15, "db": "default", "format": "json", "serialized_data": "[{\"model\": \"core.page\", \"pk\": \"914b3dae-1c3c-4d09-9c8c-7bc50911dbfd\", \"fields\": {\"code\": \"QLZ001-0003\", \"name\": \"3\", \"series\": \"5eb40a40-2efc-4b14-814e-9bf57f8247bd\", \"volume\": \"730a0d61-acf5-487a-96bf-c4c30681f61e\", \"sutra\": \"8397958f-d07d-418e-b985-f3883c79174f\", \"roll\": \"c8b7a0e6-84e6-47a1-9d39-969d8deffa33\", \"pre_page\": null, \"next_page\": null}}]", "object_repr": "3"}}, {"model": "reversion.version", "pk": 29, "fields": {"revision": 29, "object_id": "f6208a1e-c974-4c95-869b-c97052933164", "content_type": 15, "db": "default", "format": "json", "serialized_data": "[{\"model\": \"core.page\", \"pk\": \"f6208a1e-c974-4c95-869b-c97052933164\", \"fields\": {\"code\": \"QLZ001-0004\", \"name\": \"4\", \"series\": \"5eb40a40-2efc-4b14-814e-9bf57f8247bd\", \"volume\": \"730a0d61-acf5-487a-96bf-c4c30681f61e\", \"sutra\": \"8397958f-d07d-418e-b985-f3883c79174f\", \"roll\": \"c8b7a0e6-84e6-47a1-9d39-969d8deffa33\", \"pre_page\": null, \"next_page\": null}}]", "object_repr": "4"}}, {"model": "reversion.version", "pk": 30, "fields": {"revision": 30, "object_id": "29b4144a-946d-4838-a910-e06c367929a4", "content_type": 15, "db": "default", "format": "json", "serialized_data": "[{\"model\": \"core.page\", \"pk\": \"29b4144a-946d-4838-a910-e06c367929a4\", \"fields\": {\"code\": \"QLZ001-0005\", \"name\": \"5\", \"series\": \"5eb40a40-2efc-4b14-814e-9bf57f8247bd\", \"volume\": \"730a0d61-acf5-487a-96bf-c4c30681f61e\", \"sutra\": \"8397958f-d07d-418e-b985-f3883c79174f\", \"roll\": \"c8b7a0e6-84e6-47a1-9d39-969d8deffa33\", \"pre_page\": null, \"next_page\": null}}]", "object_repr": "5"}}, {"model": "reversion.version", "pk": 31, "fields": {"revision": 31, "object_id": "0c5a541f-5e50-461a-8219-481853c6921f", "content_type": 15, "db": "default", "format": "json", "serialized_data": "[{\"model\": \"core.page\", \"pk\": \"0c5a541f-5e50-461a-8219-481853c6921f\", \"fields\": {\"code\": \"QLZ001-0006\", \"name\": \"6\", \"series\": \"5eb40a40-2efc-4b14-814e-9bf57f8247bd\", \"volume\": \"730a0d61-acf5-487a-96bf-c4c30681f61e\", \"sutra\": \"8397958f-d07d-418e-b985-f3883c79174f\", \"roll\": \"c8b7a0e6-84e6-47a1-9d39-969d8deffa33\", \"pre_page\": null, \"next_page\": null}}]", "object_repr": "6"}}, {"model": "reversion.version", "pk": 32, "fields": {"revision": 32, "object_id": "3ed7f292-fe1c-44b4-94dc-328dbf9ec708", "content_type": 15, "db": "default", "format": "json", "serialized_data": "[{\"model\": \"core.page\", \"pk\": \"3ed7f292-fe1c-44b4-94dc-328dbf9ec708\", \"fields\": {\"code\": \"QLZ002-0001\", \"name\": \"1\", \"series\": \"5eb40a40-2efc-4b14-814e-9bf57f8247bd\", \"volume\": \"24de952e-bd83-4ad8-8758-99af6262fcdb\", \"sutra\": \"af920878-0f63-49db-a6df-680fe49fdddf\", \"roll\": \"c8b7a0e6-84e6-47a1-9d39-969d8deffa33\", \"pre_page\": null, \"next_page\": null}}]", "object_repr": "1"}}, {"model": "reversion.version", "pk": 33, "fields": {"revision": 33, "object_id": "6736e9dc-50c4-48b1-b7d9-28af16cb162e", "content_type": 15, "db": "default", "format": "json", "serialized_data": "[{\"model\": \"core.page\", \"pk\": \"6736e9dc-50c4-48b1-b7d9-28af16cb162e\", \"fields\": {\"code\": \"QLZ002-0002\", \"name\": \"2\", \"series\": \"5eb40a40-2efc-4b14-814e-9bf57f8247bd\", \"volume\": \"24de952e-bd83-4ad8-8758-99af6262fcdb\", \"sutra\": \"af920878-0f63-49db-a6df-680fe49fdddf\", \"roll\": \"c8b7a0e6-84e6-47a1-9d39-969d8deffa33\", \"pre_page\": null, \"next_page\": null}}]", "object_repr": "2"}}, {"model": "reversion.version", "pk": 34, "fields": {"revision": 34, "object_id": "12383b77-8df2-4377-b9dc-2de5183d92e3", "content_type": 15, "db": "default", "format": "json", "serialized_data": "[{\"model\": \"core.page\", \"pk\": \"12383b77-8df2-4377-b9dc-2de5183d92e3\", \"fields\": {\"code\": \"QLZ002-0003\", \"name\": \"3\", \"series\": \"5eb40a40-2efc-4b14-814e-9bf57f8247bd\", \"volume\": \"24de952e-bd83-4ad8-8758-99af6262fcdb\", \"sutra\": \"af920878-0f63-49db-a6df-680fe49fdddf\", \"roll\": \"c8b7a0e6-84e6-47a1-9d39-969d8deffa33\", \"pre_page\": null, \"next_page\": null}}]", "object_repr": "3"}}, {"model": "reversion.version", "pk": 35, "fields": {"revision": 35, "object_id": "99437625-4439-4bd0-8dbe-d41829588ddf", "content_type": 15, "db": "default", "format": "json", "serialized_data": "[{\"model\": \"core.page\", \"pk\": \"99437625-4439-4bd0-8dbe-d41829588ddf\", \"fields\": {\"code\": \"QLZ002-0004\", \"name\": \"4\", \"series\": \"5eb40a40-2efc-4b14-814e-9bf57f8247bd\", \"volume\": \"24de952e-bd83-4ad8-8758-99af6262fcdb\", \"sutra\": \"af920878-0f63-49db-a6df-680fe49fdddf\", \"roll\": \"c8b7a0e6-84e6-47a1-9d39-969d8deffa33\", \"pre_page\": null, \"next_page\": null}}]", "object_repr": "4"}}, {"model": "reversion.version", "pk": 36, "fields": {"revision": 36, "object_id": "9b3cd18d-bbf3-42ee-b5a2-64d98b8c99fe", "content_type": 17, "db": "default", "format": "json", "serialized_data": "[{\"model\": \"core.pageresource\", \"pk\": \"9b3cd18d-bbf3-42ee-b5a2-64d98b8c99fe\", \"fields\": {\"page\": \"244e68f0-f903-4e17-82f7-b99a918afe0e\", \"type\": \"TX\", \"resource\": \"\\u85cf\\u7ecf\\u7248\\u672c\\u7cfb\\u7edf\\u6570\\u636e\\u6a21\\u578b\\u8349\\u6848-mongodb\\u5b9e\\u4f53\\u6587\\u6863.txt\"}}]", "object_repr": "TX"}}, {"model": "reversion.version", "pk": 37, "fields": {"revision": 36, "object_id": "244e68f0-f903-4e17-82f7-b99a918afe0e", "content_type": 15, "db": "default", "format": "json", "serialized_data": "[{\"model\": \"core.page\", \"pk\": \"244e68f0-f903-4e17-82f7-b99a918afe0e\", \"fields\": {\"code\": \"QLZ001-0001\", \"name\": \"1\", \"series\": \"5eb40a40-2efc-4b14-814e-9bf57f8247bd\", \"volume\": \"730a0d61-acf5-487a-96bf-c4c30681f61e\", \"sutra\": \"8397958f-d07d-418e-b985-f3883c79174f\", \"roll\": \"c8b7a0e6-84e6-47a1-9d39-969d8deffa33\", \"pre_page\": null, \"next_page\": null}}]", "object_repr": "1"}}, {"model": "reversion.version", "pk": 38, "fields": {"revision": 37, "object_id": "3ed7f292-fe1c-44b4-94dc-328dbf9ec708", "content_type": 15, "db": "default", "format": "json", "serialized_data": "[{\"model\": \"core.page\", \"pk\": \"3ed7f292-fe1c-44b4-94dc-328dbf9ec708\", \"fields\": {\"code\": \"QLZ002-0001\", \"name\": \"1\", \"series\": \"5eb40a40-2efc-4b14-814e-9bf57f8247bd\", \"volume\": \"24de952e-bd83-4ad8-8758-99af6262fcdb\", \"sutra\": \"af920878-0f63-49db-a6df-680fe49fdddf\", \"roll\": \"c8b7a0e6-84e6-47a1-9d39-969d8deffa33\", \"pre_page\": null, \"next_page\": null}}]", "object_repr": "1"}}, {"model": "reversion.version", "pk": 39, "fields": {"revision": 37, "object_id": "e920f3e5-6919-4918-a809-968edce9b8b5", "content_type": 17, "db": "default", "format": "json", "serialized_data": "[{\"model\": \"core.pageresource\", \"pk\": \"e920f3e5-6919-4918-a809-968edce9b8b5\", \"fields\": {\"page\": \"3ed7f292-fe1c-44b4-94dc-328dbf9ec708\", \"type\": \"IM\", \"resource\": \"\\u7248\\u672c\\u7cfb\\u7edf\\u6570\\u636e\\u8868-\\u5f20\\u9759.png\"}}]", "object_repr": "IM"}}, {"model": "reversion.version", "pk": 40, "fields": {"revision": 38, "object_id": "834538b9-30b9-41bb-a7fc-8a434692de7c", "content_type": 17, "db": "default", "format": "json", "serialized_data": "[{\"model\": \"core.pageresource\", \"pk\": \"834538b9-30b9-41bb-a7fc-8a434692de7c\", \"fields\": {\"page\": \"3ed7f292-fe1c-44b4-94dc-328dbf9ec708\", \"type\": \"TX\", \"resource\": \"\\u85cf\\u7ecf\\u7248\\u672c\\u7cfb\\u7edf\\u5ef6\\u4f38.png\"}}]", "object_repr": "TX"}}, {"model": "reversion.version", "pk": 41, "fields": {"revision": 38, "object_id": "3ed7f292-fe1c-44b4-94dc-328dbf9ec708", "content_type": 15, "db": "default", "format": "json", "serialized_data": "[{\"model\": \"core.page\", \"pk\": \"3ed7f292-fe1c-44b4-94dc-328dbf9ec708\", \"fields\": {\"code\": \"QLZ002-0001\", \"name\": \"1\", \"series\": \"5eb40a40-2efc-4b14-814e-9bf57f8247bd\", \"volume\": \"24de952e-bd83-4ad8-8758-99af6262fcdb\", \"sutra\": \"af920878-0f63-49db-a6df-680fe49fdddf\", \"roll\": \"c8b7a0e6-84e6-47a1-9d39-969d8deffa33\", \"pre_page\": null, \"next_page\": null}}]", "object_repr": "1"}}, {"model": "reversion.version", "pk": 42, "fields": {"revision": 38, "object_id": "e920f3e5-6919-4918-a809-968edce9b8b5", "content_type": 17, "db": "default", "format": "json", "serialized_data": "[{\"model\": \"core.pageresource\", \"pk\": \"e920f3e5-6919-4918-a809-968edce9b8b5\", \"fields\": {\"page\": \"3ed7f292-fe1c-44b4-94dc-328dbf9ec708\", \"type\": \"IM\", \"resource\": \"\\u7248\\u672c\\u7cfb\\u7edf\\u6570\\u636e\\u8868-\\u5f20\\u9759.png\"}}]", "object_repr": "IM"}}, {"model": "reversion.version", "pk": 43, "fields": {"revision": 39, "object_id": "834538b9-30b9-41bb-a7fc-8a434692de7c", "content_type": 17, "db": "default", "format": "json", "serialized_data": "[{\"model\": \"core.pageresource\", \"pk\": \"834538b9-30b9-41bb-a7fc-8a434692de7c\", \"fields\": {\"page\": \"3ed7f292-fe1c-44b4-94dc-328dbf9ec708\", \"type\": \"TX\", \"resource\": \"coinLQ\\u521d\\u6b65\\u8bbe\\u60f3_01.png\"}}]", "object_repr": "\u6587\u672c => coinLQ\u521d\u6b65\u8bbe\u60f3_01.png"}}, {"model": "reversion.version", "pk": 44, "fields": {"revision": 39, "object_id": "e920f3e5-6919-4918-a809-968edce9b8b5", "content_type": 17, "db": "default", "format": "json", "serialized_data": "[{\"model\": \"core.pageresource\", \"pk\": \"e920f3e5-6919-4918-a809-968edce9b8b5\", \"fields\": {\"page\": \"3ed7f292-fe1c-44b4-94dc-328dbf9ec708\", \"type\": \"IM\", \"resource\": \"\\u85cf\\u7ecf\\u7248\\u672c\\u7cfb\\u7edf\\u6570\\u636e\\u6a21\\u578b\\u8349\\u6848-mongodb\\u5b9e\\u4f53\\u6587\\u6863.txt\"}}]", "object_repr": "\u56fe\u7247 => \u85cf\u7ecf\u7248\u672c\u7cfb\u7edf\u6570\u636e\u6a21\u578b\u8349\u6848-mongodb\u5b9e\u4f53\u6587\u6863.txt"}}, {"model": "reversion.version", "pk": 45, "fields": {"revision": 39, "object_id": "3ed7f292-fe1c-44b4-94dc-328dbf9ec708", "content_type": 15, "db": "default", "format": "json", "serialized_data": "[{\"model\": \"core.page\", \"pk\": \"3ed7f292-fe1c-44b4-94dc-328dbf9ec708\", \"fields\": {\"code\": \"QLZ002-0001\", \"name\": \"1\", \"series\": \"5eb40a40-2efc-4b14-814e-9bf57f8247bd\", \"volume\": \"24de952e-bd83-4ad8-8758-99af6262fcdb\", \"sutra\": \"af920878-0f63-49db-a6df-680fe49fdddf\", \"roll\": \"c8b7a0e6-84e6-47a1-9d39-969d8deffa33\", \"pre_page\": null, \"next_page\": null}}]", "object_repr": "1"}}, {"model": "reversion.version", "pk": 46, "fields": {"revision": 40, "object_id": "9b3cd18d-bbf3-42ee-b5a2-64d98b8c99fe", "content_type": 17, "db": "default", "format": "json", "serialized_data": "[{\"model\": \"core.pageresource\", \"pk\": \"9b3cd18d-bbf3-42ee-b5a2-64d98b8c99fe\", \"fields\": {\"page\": \"244e68f0-f903-4e17-82f7-b99a918afe0e\", \"type\": \"TX\", \"resource\": \"\\u537755.txt\"}}]", "object_repr": "\u6587\u672c => \u537755.txt"}}, {"model": "reversion.version", "pk": 47, "fields": {"revision": 40, "object_id": "244e68f0-f903-4e17-82f7-b99a918afe0e", "content_type": 15, "db": "default", "format": "json", "serialized_data": "[{\"model\": \"core.page\", \"pk\": \"244e68f0-f903-4e17-82f7-b99a918afe0e\", \"fields\": {\"code\": \"QLZ001-0001\", \"name\": \"1\", \"series\": \"5eb40a40-2efc-4b14-814e-9bf57f8247bd\", \"volume\": \"730a0d61-acf5-487a-96bf-c4c30681f61e\", \"sutra\": \"8397958f-d07d-418e-b985-f3883c79174f\", \"roll\": \"c8b7a0e6-84e6-47a1-9d39-969d8deffa33\", \"pre_page\": null, \"next_page\": null}}]", "object_repr": "1"}}, {"model": "reversion.version", "pk": 48, "fields": {"revision": 41, "object_id": "9b3cd18d-bbf3-42ee-b5a2-64d98b8c99fe", "content_type": 17, "db": "default", "format": "json", "serialized_data": "[{\"model\": \"core.pageresource\", \"pk\": \"9b3cd18d-bbf3-42ee-b5a2-64d98b8c99fe\", \"fields\": {\"page\": \"244e68f0-f903-4e17-82f7-b99a918afe0e\", \"type\": \"IM\", \"resource\": \"0001.png\"}}]", "object_repr": "\u56fe\u7247 => 0001.png"}}, {"model": "reversion.version", "pk": 49, "fields": {"revision": 41, "object_id": "244e68f0-f903-4e17-82f7-b99a918afe0e", "content_type": 15, "db": "default", "format": "json", "serialized_data": "[{\"model\": \"core.page\", \"pk\": \"244e68f0-f903-4e17-82f7-b99a918afe0e\", \"fields\": {\"code\": \"QLZ001-0001\", \"name\": \"1\", \"series\": \"5eb40a40-2efc-4b14-814e-9bf57f8247bd\", \"volume\": \"730a0d61-acf5-487a-96bf-c4c30681f61e\", \"sutra\": \"8397958f-d07d-418e-b985-f3883c79174f\", \"roll\": \"c8b7a0e6-84e6-47a1-9d39-969d8deffa33\", \"pre_page\": null, \"next_page\": null}}]", "object_repr": "1"}}, {"model": "reversion.version", "pk": 50, "fields": {"revision": 42, "object_id": "834538b9-30b9-41bb-a7fc-8a434692de7c", "content_type": 17, "db": "default", "format": "json", "serialized_data": "[{\"model\": \"core.pageresource\", \"pk\": \"834538b9-30b9-41bb-a7fc-8a434692de7c\", \"fields\": {\"page\": \"3ed7f292-fe1c-44b4-94dc-328dbf9ec708\", \"type\": \"TX\", \"resource\": \"roll_55.txt\"}}]", "object_repr": "\u6587\u672c => roll_55.txt"}}, {"model": "reversion.version", "pk": 51, "fields": {"revision": 42, "object_id": "e920f3e5-6919-4918-a809-968edce9b8b5", "content_type": 17, "db": "default", "format": "json", "serialized_data": "[{\"model\": \"core.pageresource\", \"pk\": \"e920f3e5-6919-4918-a809-968edce9b8b5\", \"fields\": {\"page\": \"3ed7f292-fe1c-44b4-94dc-328dbf9ec708\", \"type\": \"TX\", \"resource\": \"roll_56.txt\"}}]", "object_repr": "\u6587\u672c => roll_56.txt"}}, {"model": "reversion.version", "pk": 52, "fields": {"revision": 42, "object_id": "3ed7f292-fe1c-44b4-94dc-328dbf9ec708", "content_type": 15, "db": "default", "format": "json", "serialized_data": "[{\"model\": \"core.page\", \"pk\": \"3ed7f292-fe1c-44b4-94dc-328dbf9ec708\", \"fields\": {\"code\": \"QLZ002-0001\", \"name\": \"1\", \"series\": \"5eb40a40-2efc-4b14-814e-9bf57f8247bd\", \"volume\": \"24de952e-bd83-4ad8-8758-99af6262fcdb\", \"sutra\": \"af920878-0f63-49db-a6df-680fe49fdddf\", \"roll\": \"c8b7a0e6-84e6-47a1-9d39-969d8deffa33\", \"pre_page\": null, \"next_page\": null}}]", "object_repr": "1"}}, {"model": "reversion.version", "pk": 53, "fields": {"revision": 43, "object_id": "3bfb9d03-aca3-486a-84cf-7ed72c4fc5f8", "content_type": 17, "db": "default", "format": "json", "serialized_data": "[{\"model\": \"core.pageresource\", \"pk\": \"3bfb9d03-aca3-486a-84cf-7ed72c4fc5f8\", \"fields\": {\"page\": \"6736e9dc-50c4-48b1-b7d9-28af16cb162e\", \"type\": \"IM\", \"resource\": \"0002.png\"}}]", "object_repr": "\u56fe\u7247 => 0002.png"}}, {"model": "reversion.version", "pk": 54, "fields": {"revision": 43, "object_id": "6736e9dc-50c4-48b1-b7d9-28af16cb162e", "content_type": 15, "db": "default", "format": "json", "serialized_data": "[{\"model\": \"core.page\", \"pk\": \"6736e9dc-50c4-48b1-b7d9-28af16cb162e\", \"fields\": {\"code\": \"QLZ002-0002\", \"name\": \"2\", \"series\": \"5eb40a40-2efc-4b14-814e-9bf57f8247bd\", \"volume\": \"24de952e-bd83-4ad8-8758-99af6262fcdb\", \"sutra\": \"af920878-0f63-49db-a6df-680fe49fdddf\", \"roll\": \"c8b7a0e6-84e6-47a1-9d39-969d8deffa33\", \"pre_page\": null, \"next_page\": null}}]", "object_repr": "2"}}, {"model": "reversion.version", "pk": 55, "fields": {"revision": 44, "object_id": "3ed7f292-fe1c-44b4-94dc-328dbf9ec708", "content_type": 15, "db": "default", "format": "json", "serialized_data": "[{\"model\": \"core.page\", \"pk\": \"3ed7f292-fe1c-44b4-94dc-328dbf9ec708\", \"fields\": {\"code\": \"QLZ002-0001\", \"name\": \"1\", \"series\": \"5eb40a40-2efc-4b14-814e-9bf57f8247bd\", \"volume\": \"24de952e-bd83-4ad8-8758-99af6262fcdb\", \"sutra\": \"af920878-0f63-49db-a6df-680fe49fdddf\", \"roll\": \"c8b7a0e6-84e6-47a1-9d39-969d8deffa33\", \"pre_page\": null, \"next_page\": null}}]", "object_repr": "1"}}, {"model": "reversion.version", "pk": 56, "fields": {"revision": 44, "object_id": "834538b9-30b9-41bb-a7fc-8a434692de7c", "content_type": 17, "db": "default", "format": "json", "serialized_data": "[{\"model\": \"core.pageresource\", \"pk\": \"834538b9-30b9-41bb-a7fc-8a434692de7c\", \"fields\": {\"page\": \"3ed7f292-fe1c-44b4-94dc-328dbf9ec708\", \"type\": \"TX\", \"resource\": \"roll_55.txt\"}}]", "object_repr": "\u6587\u672c => roll_55.txt"}}, {"model": "reversion.version", "pk": 57, "fields": {"revision": 44, "object_id": "e920f3e5-6919-4918-a809-968edce9b8b5", "content_type": 17, "db": "default", "format": "json", "serialized_data": "[{\"model\": \"core.pageresource\", \"pk\": \"e920f3e5-6919-4918-a809-968edce9b8b5\", \"fields\": {\"page\": \"3ed7f292-fe1c-44b4-94dc-328dbf9ec708\", \"type\": \"IM\", \"resource\": \"0001_WfCE4sx.png\"}}]", "object_repr": "\u56fe\u7247 => 0001_WfCE4sx.png"}}, {"model": "reversion.version", "pk": 58, "fields": {"revision": 45, "object_id": "48fc8594-80e1-409d-b0f3-4a5ca0fa5a1c", "content_type": 15, "db": "default", "format": "json", "serialized_data": "[{\"model\": \"core.page\", \"pk\": \"48fc8594-80e1-409d-b0f3-4a5ca0fa5a1c\", \"fields\": {\"code\": \"QLZ001-0002\", \"name\": \"2\", \"series\": \"5eb40a40-2efc-4b14-814e-9bf57f8247bd\", \"volume\": \"730a0d61-acf5-487a-96bf-c4c30681f61e\", \"sutra\": \"8397958f-d07d-418e-b985-f3883c79174f\", \"roll\": \"c8b7a0e6-84e6-47a1-9d39-969d8deffa33\", \"pre_page\": null, \"next_page\": null}}]", "object_repr": "2"}}, {"model": "reversion.version", "pk": 59, "fields": {"revision": 45, "object_id": "a37064df-1f83-4183-95ea-0f517be22a85", "content_type": 17, "db": "default", "format": "json", "serialized_data": "[{\"model\": \"core.pageresource\", \"pk\": \"a37064df-1f83-4183-95ea-0f517be22a85\", \"fields\": {\"page\": \"48fc8594-80e1-409d-b0f3-4a5ca0fa5a1c\", \"type\": \"IM\", \"resource\": \"0004.png\"}}]", "object_repr": "\u56fe\u7247 => 0004.png"}}, {"model": "reversion.version", "pk": 60, "fields": {"revision": 46, "object_id": "914b3dae-1c3c-4d09-9c8c-7bc50911dbfd", "content_type": 15, "db": "default", "format": "json", "serialized_data": "[{\"model\": \"core.page\", \"pk\": \"914b3dae-1c3c-4d09-9c8c-7bc50911dbfd\", \"fields\": {\"code\": \"QLZ001-0003\", \"name\": \"3\", \"series\": \"5eb40a40-2efc-4b14-814e-9bf57f8247bd\", \"volume\": \"730a0d61-acf5-487a-96bf-c4c30681f61e\", \"sutra\": \"8397958f-d07d-418e-b985-f3883c79174f\", \"roll\": \"c8b7a0e6-84e6-47a1-9d39-969d8deffa33\", \"pre_page\": null, \"next_page\": null}}]", "object_repr": "3"}}, {"model": "reversion.version", "pk": 61, "fields": {"revision": 46, "object_id": "6a4d19c0-9750-47fb-8ae9-2b842b74fb5c", "content_type": 17, "db": "default", "format": "json", "serialized_data": "[{\"model\": \"core.pageresource\", \"pk\": \"6a4d19c0-9750-47fb-8ae9-2b842b74fb5c\", \"fields\": {\"page\": \"914b3dae-1c3c-4d09-9c8c-7bc50911dbfd\", \"type\": \"IM\", \"resource\": \"0005.png\"}}]", "object_repr": "\u56fe\u7247 => 0005.png"}}, {"model": "reversion.version", "pk": 62, "fields": {"revision": 47, "object_id": "f6208a1e-c974-4c95-869b-c97052933164", "content_type": 15, "db": "default", "format": "json", "serialized_data": "[{\"model\": \"core.page\", \"pk\": \"f6208a1e-c974-4c95-869b-c97052933164\", \"fields\": {\"code\": \"QLZ001-0004\", \"name\": \"4\", \"series\": \"5eb40a40-2efc-4b14-814e-9bf57f8247bd\", \"volume\": \"730a0d61-acf5-487a-96bf-c4c30681f61e\", \"sutra\": \"8397958f-d07d-418e-b985-f3883c79174f\", \"roll\": \"c8b7a0e6-84e6-47a1-9d39-969d8deffa33\", \"pre_page\": null, \"next_page\": null}}]", "object_repr": "4"}}, {"model": "reversion.version", "pk": 63, "fields": {"revision": 47, "object_id": "33cc31d9-5b29-4702-9866-b67f6a60f22f", "content_type": 17, "db": "default", "format": "json", "serialized_data": "[{\"model\": \"core.pageresource\", \"pk\": \"33cc31d9-5b29-4702-9866-b67f6a60f22f\", \"fields\": {\"page\": \"f6208a1e-c974-4c95-869b-c97052933164\", \"type\": \"IM\", \"resource\": \"0007.png\"}}]", "object_repr": "\u56fe\u7247 => 0007.png"}}, {"model": "reversion.version", "pk": 64, "fields": {"revision": 48, "object_id": "8f08aa19-0b23-4077-a9b1-574a121674e0", "content_type": 17, "db": "default", "format": "json", "serialized_data": "[{\"model\": \"core.pageresource\", \"pk\": \"8f08aa19-0b23-4077-a9b1-574a121674e0\", \"fields\": {\"page\": \"0c5a541f-5e50-461a-8219-481853c6921f\", \"type\": \"IM\", \"resource\": \"0006.png\"}}]", "object_repr": "\u56fe\u7247 => 0006.png"}}, {"model": "reversion.version", "pk": 65, "fields": {"revision": 48, "object_id": "0c5a541f-5e50-461a-8219-481853c6921f", "content_type": 15, "db": "default", "format": "json", "serialized_data": "[{\"model\": \"core.page\", \"pk\": \"0c5a541f-5e50-461a-8219-481853c6921f\", \"fields\": {\"code\": \"QLZ001-0006\", \"name\": \"6\", \"series\": \"5eb40a40-2efc-4b14-814e-9bf57f8247bd\", \"volume\": \"730a0d61-acf5-487a-96bf-c4c30681f61e\", \"sutra\": \"8397958f-d07d-418e-b985-f3883c79174f\", \"roll\": \"c8b7a0e6-84e6-47a1-9d39-969d8deffa33\", \"pre_page\": null, \"next_page\": null}}]", "object_repr": "6"}}, {"model": "reversion.version", "pk": 66, "fields": {"revision": 49, "object_id": "381f36df-9121-4d7b-a174-0935a2fa9fbe", "content_type": 17, "db": "default", "format": "json", "serialized_data": "[{\"model\": \"core.pageresource\", \"pk\": \"381f36df-9121-4d7b-a174-0935a2fa9fbe\", \"fields\": {\"page\": \"29b4144a-946d-4838-a910-e06c367929a4\", \"type\": \"IM\", \"resource\": \"0008.png\"}}]", "object_repr": "\u56fe\u7247 => 0008.png"}}, {"model": "reversion.version", "pk": 67, "fields": {"revision": 49, "object_id": "29b4144a-946d-4838-a910-e06c367929a4", "content_type": 15, "db": "default", "format": "json", "serialized_data": "[{\"model\": \"core.page\", \"pk\": \"29b4144a-946d-4838-a910-e06c367929a4\", \"fields\": {\"code\": \"QLZ001-0005\", \"name\": \"5\", \"series\": \"5eb40a40-2efc-4b14-814e-9bf57f8247bd\", \"volume\": \"730a0d61-acf5-487a-96bf-c4c30681f61e\", \"sutra\": \"8397958f-d07d-418e-b985-f3883c79174f\", \"roll\": \"c8b7a0e6-84e6-47a1-9d39-969d8deffa33\", \"pre_page\": null, \"next_page\": null}}]", "object_repr": "5"}}, {"model": "reversion.version", "pk": 68, "fields": {"revision": 50, "object_id": "f6208a1e-c974-4c95-869b-c97052933164", "content_type": 15, "db": "default", "format": "json", "serialized_data": "[{\"model\": \"core.page\", \"pk\": \"f6208a1e-c974-4c95-869b-c97052933164\", \"fields\": {\"code\": \"QLZ001-0004\", \"name\": \"4\", \"series\": \"5eb40a40-2efc-4b14-814e-9bf57f8247bd\", \"volume\": \"730a0d61-acf5-487a-96bf-c4c30681f61e\", \"sutra\": \"8397958f-d07d-418e-b985-f3883c79174f\", \"roll\": \"c8b7a0e6-84e6-47a1-9d39-969d8deffa33\", \"pre_page\": null, \"next_page\": null}}]", "object_repr": "4"}}, {"model": "reversion.version", "pk": 69, "fields": {"revision": 50, "object_id": "e7699260-388c-4be4-870d-cbcff174afcc", "content_type": 17, "db": "default", "format": "json", "serialized_data": "[{\"model\": \"core.pageresource\", \"pk\": \"e7699260-388c-4be4-870d-cbcff174afcc\", \"fields\": {\"page\": \"f6208a1e-c974-4c95-869b-c97052933164\", \"type\": \"TX\", \"resource\": \"roll_56_NYRIJyS.txt\"}}]", "object_repr": "\u6587\u672c => roll_56_NYRIJyS.txt"}}, {"model": "reversion.version", "pk": 70, "fields": {"revision": 50, "object_id": "33cc31d9-5b29-4702-9866-b67f6a60f22f", "content_type": 17, "db": "default", "format": "json", "serialized_data": "[{\"model\": \"core.pageresource\", \"pk\": \"33cc31d9-5b29-4702-9866-b67f6a60f22f\", \"fields\": {\"page\": \"f6208a1e-c974-4c95-869b-c97052933164\", \"type\": \"IM\", \"resource\": \"0007.png\"}}]", "object_repr": "\u56fe\u7247 => 0007.png"}}, {"model": "reversion.version", "pk": 71, "fields": {"revision": 51, "object_id": "3ed7f292-fe1c-44b4-94dc-328dbf9ec708", "content_type": 15, "db": "default", "format": "json", "serialized_data": "[{\"model\": \"core.page\", \"pk\": \"3ed7f292-fe1c-44b4-94dc-328dbf9ec708\", \"fields\": {\"code\": \"QLZ002-0001\", \"name\": \"1\", \"series\": \"5eb40a40-2efc-4b14-814e-9bf57f8247bd\", \"volume\": \"24de952e-bd83-4ad8-8758-99af6262fcdb\", \"sutra\": \"af920878-0f63-49db-a6df-680fe49fdddf\", \"roll\": \"c8b7a0e6-84e6-47a1-9d39-969d8deffa33\", \"pre_page\": null, \"next_page\": null}}]", "object_repr": "1"}}, {"model": "reversion.version", "pk": 72, "fields": {"revision": 51, "object_id": "e920f3e5-6919-4918-a809-968edce9b8b5", "content_type": 17, "db": "default", "format": "json", "serialized_data": "[{\"model\": \"core.pageresource\", \"pk\": \"e920f3e5-6919-4918-a809-968edce9b8b5\", \"fields\": {\"page\": \"3ed7f292-fe1c-44b4-94dc-328dbf9ec708\", \"type\": \"IM\", \"resource\": \"0008_In8D6sY.png\"}}]", "object_repr": "\u56fe\u7247 => 0008_In8D6sY.png"}}, {"model": "reversion.version", "pk": 73, "fields": {"revision": 51, "object_id": "834538b9-30b9-41bb-a7fc-8a434692de7c", "content_type": 17, "db": "default", "format": "json", "serialized_data": "[{\"model\": \"core.pageresource\", \"pk\": \"834538b9-30b9-41bb-a7fc-8a434692de7c\", \"fields\": {\"page\": \"3ed7f292-fe1c-44b4-94dc-328dbf9ec708\", \"type\": \"TX\", \"resource\": \"roll_55.txt\"}}]", "object_repr": "\u6587\u672c => roll_55.txt"}}, {"model": "reversion.version", "pk": 74, "fields": {"revision": 52, "object_id": "834538b9-30b9-41bb-a7fc-8a434692de7c", "content_type": 17, "db": "default", "format": "json", "serialized_data": "[{\"model\": \"core.pageresource\", \"pk\": \"834538b9-30b9-41bb-a7fc-8a434692de7c\", \"fields\": {\"page\": \"3ed7f292-fe1c-44b4-94dc-328dbf9ec708\", \"type\": \"text\", \"resource\": \"roll_55.txt\"}}]", "object_repr": "\u6587\u672c => roll_55.txt"}}, {"model": "reversion.version", "pk": 75, "fields": {"revision": 52, "object_id": "e920f3e5-6919-4918-a809-968edce9b8b5", "content_type": 17, "db": "default", "format": "json", "serialized_data": "[{\"model\": \"core.pageresource\", \"pk\": \"e920f3e5-6919-4918-a809-968edce9b8b5\", \"fields\": {\"page\": \"3ed7f292-fe1c-44b4-94dc-328dbf9ec708\", \"type\": \"image\", \"resource\": \"0008_In8D6sY.png\"}}]", "object_repr": "\u56fe\u7247 => 0008_In8D6sY.png"}}, {"model": "reversion.version", "pk": 76, "fields": {"revision": 52, "object_id": "3ed7f292-fe1c-44b4-94dc-328dbf9ec708", "content_type": 15, "db": "default", "format": "json", "serialized_data": "[{\"model\": \"core.page\", \"pk\": \"3ed7f292-fe1c-44b4-94dc-328dbf9ec708\", \"fields\": {\"code\": \"QLZ002-0001\", \"name\": \"1\", \"type\": \"content\", \"series\": \"5eb40a40-2efc-4b14-814e-9bf57f8247bd\", \"volume\": \"24de952e-bd83-4ad8-8758-99af6262fcdb\", \"sutra\": \"af920878-0f63-49db-a6df-680fe49fdddf\", \"roll\": \"c8b7a0e6-84e6-47a1-9d39-969d8deffa33\", \"pre_page\": null, \"next_page\": null}}]", "object_repr": "1"}}, {"model": "reversion.version", "pk": 77, "fields": {"revision": 53, "object_id": "9b3cd18d-bbf3-42ee-b5a2-64d98b8c99fe", "content_type": 17, "db": "default", "format": "json", "serialized_data": "[{\"model\": \"core.pageresource\", \"pk\": \"9b3cd18d-bbf3-42ee-b5a2-64d98b8c99fe\", \"fields\": {\"page\": \"244e68f0-f903-4e17-82f7-b99a918afe0e\", \"type\": \"image\", \"resource\": \"0001.png\"}}]", "object_repr": "\u56fe\u7247 => 0001.png"}}, {"model": "reversion.version", "pk": 78, "fields": {"revision": 53, "object_id": "244e68f0-f903-4e17-82f7-b99a918afe0e", "content_type": 15, "db": "default", "format": "json", "serialized_data": "[{\"model\": \"core.page\", \"pk\": \"244e68f0-f903-4e17-82f7-b99a918afe0e\", \"fields\": {\"code\": \"QLZ001-0001\", \"name\": \"1\", \"type\": \"content\", \"series\": \"5eb40a40-2efc-4b14-814e-9bf57f8247bd\", \"volume\": \"730a0d61-acf5-487a-96bf-c4c30681f61e\", \"sutra\": \"8397958f-d07d-418e-b985-f3883c79174f\", \"roll\": \"c8b7a0e6-84e6-47a1-9d39-969d8deffa33\", \"pre_page\": null, \"next_page\": null}}]", "object_repr": "1"}}, {"model": "reversion.version", "pk": 79, "fields": {"revision": 54, "object_id": "914b3dae-1c3c-4d09-9c8c-7bc50911dbfd", "content_type": 15, "db": "default", "format": "json", "serialized_data": "[{\"model\": \"core.page\", \"pk\": \"914b3dae-1c3c-4d09-9c8c-7bc50911dbfd\", \"fields\": {\"code\": \"QLZ001-0003\", \"name\": \"3\", \"type\": \"content\", \"series\": \"5eb40a40-2efc-4b14-814e-9bf57f8247bd\", \"volume\": \"730a0d61-acf5-487a-96bf-c4c30681f61e\", \"sutra\": \"8397958f-d07d-418e-b985-f3883c79174f\", \"roll\": \"c8b7a0e6-84e6-47a1-9d39-969d8deffa33\", \"pre_page\": null, \"next_page\": null}}]", "object_repr": "3"}}, {"model": "reversion.version", "pk": 80, "fields": {"revision": 54, "object_id": "6a4d19c0-9750-47fb-8ae9-2b842b74fb5c", "content_type": 17, "db": "default", "format": "json", "serialized_data": "[{\"model\": \"core.pageresource\", \"pk\": \"6a4d19c0-9750-47fb-8ae9-2b842b74fb5c\", \"fields\": {\"page\": \"914b3dae-1c3c-4d09-9c8c-7bc50911dbfd\", \"type\": \"inset\", \"resource\": \"0005.png\"}}]", "object_repr": "\u63d2\u56fe => 0005.png"}}, {"model": "reversion.version", "pk": 81, "fields": {"revision": 55, "object_id": "381f36df-9121-4d7b-a174-0935a2fa9fbe", "content_type": 17, "db": "default", "format": "json", "serialized_data": "[{\"model\": \"core.pageresource\", \"pk\": \"381f36df-9121-4d7b-a174-0935a2fa9fbe\", \"fields\": {\"page\": \"29b4144a-946d-4838-a910-e06c367929a4\", \"type\": \"image\", \"resource\": \"0008.png\"}}]", "object_repr": "\u56fe\u7247 => 0008.png"}}, {"model": "reversion.version", "pk": 82, "fields": {"revision": 55, "object_id": "29b4144a-946d-4838-a910-e06c367929a4", "content_type": 15, "db": "default", "format": "json", "serialized_data": "[{\"model\": \"core.page\", \"pk\": \"29b4144a-946d-4838-a910-e06c367929a4\", \"fields\": {\"code\": \"QLZ001-0005\", \"name\": \"5\", \"type\": \"content\", \"series\": \"5eb40a40-2efc-4b14-814e-9bf57f8247bd\", \"volume\": \"730a0d61-acf5-487a-96bf-c4c30681f61e\", \"sutra\": \"8397958f-d07d-418e-b985-f3883c79174f\", \"roll\": \"c8b7a0e6-84e6-47a1-9d39-969d8deffa33\", \"pre_page\": null, \"next_page\": null}}]", "object_repr": "5"}}, {"model": "reversion.version", "pk": 83, "fields": {"revision": 56, "object_id": "381f36df-9121-4d7b-a174-0935a2fa9fbe", "content_type": 17, "db": "default", "format": "json", "serialized_data": "[{\"model\": \"core.pageresource\", \"pk\": \"381f36df-9121-4d7b-a174-0935a2fa9fbe\", \"fields\": {\"page\": \"29b4144a-946d-4838-a910-e06c367929a4\", \"type\": \"image\", \"resource\": \"0008.png\"}}]", "object_repr": "\u56fe\u7247 => 0008.png"}}, {"model": "reversion.version", "pk": 84, "fields": {"revision": 56, "object_id": "29b4144a-946d-4838-a910-e06c367929a4", "content_type": 15, "db": "default", "format": "json", "serialized_data": "[{\"model\": \"core.page\", \"pk\": \"29b4144a-946d-4838-a910-e06c367929a4\", \"fields\": {\"code\": \"QLZ001-0005\", \"name\": \"5\", \"type\": \"content\", \"series\": \"5eb40a40-2efc-4b14-814e-9bf57f8247bd\", \"volume\": \"730a0d61-acf5-487a-96bf-c4c30681f61e\", \"sutra\": \"8397958f-d07d-418e-b985-f3883c79174f\", \"roll\": \"c8b7a0e6-84e6-47a1-9d39-969d8deffa33\", \"pre_page\": null, \"next_page\": null}}]", "object_repr": "5"}}, {"model": "reversion.version", "pk": 85, "fields": {"revision": 57, "object_id": "0c5a541f-5e50-461a-8219-481853c6921f", "content_type": 15, "db": "default", "format": "json", "serialized_data": "[{\"model\": \"core.page\", \"pk\": \"0c5a541f-5e50-461a-8219-481853c6921f\", \"fields\": {\"code\": \"QLZ001-0006\", \"name\": \"6\", \"type\": \"content\", \"series\": \"5eb40a40-2efc-4b14-814e-9bf57f8247bd\", \"volume\": \"730a0d61-acf5-487a-96bf-c4c30681f61e\", \"sutra\": \"8397958f-d07d-418e-b985-f3883c79174f\", \"roll\": \"c8b7a0e6-84e6-47a1-9d39-969d8deffa33\", \"pre_page\": null, \"next_page\": null}}]", "object_repr": "6"}}, {"model": "reversion.version", "pk": 86, "fields": {"revision": 57, "object_id": "8f08aa19-0b23-4077-a9b1-574a121674e0", "content_type": 17, "db": "default", "format": "json", "serialized_data": "[{\"model\": \"core.pageresource\", \"pk\": \"8f08aa19-0b23-4077-a9b1-574a121674e0\", \"fields\": {\"page\": \"0c5a541f-5e50-461a-8219-481853c6921f\", \"type\": \"image\", \"resource\": \"0006.png\"}}]", "object_repr": "\u56fe\u7247 => 0006.png"}}, {"model": "reversion.version", "pk": 87, "fields": {"revision": 58, "object_id": "381f36df-9121-4d7b-a174-0935a2fa9fbe", "content_type": 17, "db": "default", "format": "json", "serialized_data": "[{\"model\": \"core.pageresource\", \"pk\": \"381f36df-9121-4d7b-a174-0935a2fa9fbe\", \"fields\": {\"page\": \"29b4144a-946d-4838-a910-e06c367929a4\", \"type\": \"image\", \"resource\": \"0008.png\"}}]", "object_repr": "\u56fe\u7247 => 0008.png"}}, {"model": "reversion.version", "pk": 88, "fields": {"revision": 58, "object_id": "29b4144a-946d-4838-a910-e06c367929a4", "content_type": 15, "db": "default", "format": "json", "serialized_data": "[{\"model\": \"core.page\", \"pk\": \"29b4144a-946d-4838-a910-e06c367929a4\", \"fields\": {\"code\": \"QLZ001-0005\", \"name\": \"5\", \"type\": \"content\", \"series\": \"5eb40a40-2efc-4b14-814e-9bf57f8247bd\", \"volume\": \"730a0d61-acf5-487a-96bf-c4c30681f61e\", \"sutra\": \"8397958f-d07d-418e-b985-f3883c79174f\", \"roll\": \"c8b7a0e6-84e6-47a1-9d39-969d8deffa33\", \"pre_page\": null, \"next_page\": null}}]", "object_repr": "5"}}, {"model": "reversion.version", "pk": 89, "fields": {"revision": 59, "object_id": "99437625-4439-4bd0-8dbe-d41829588ddf", "content_type": 15, "db": "default", "format": "json", "serialized_data": "[{\"model\": \"core.page\", \"pk\": \"99437625-4439-4bd0-8dbe-d41829588ddf\", \"fields\": {\"code\": \"QLZ002-0004\", \"name\": \"4\", \"type\": \"content\", \"series\": \"5eb40a40-2efc-4b14-814e-9bf57f8247bd\", \"volume\": \"24de952e-bd83-4ad8-8758-99af6262fcdb\", \"sutra\": \"af920878-0f63-49db-a6df-680fe49fdddf\", \"roll\": \"c8b7a0e6-84e6-47a1-9d39-969d8deffa33\", \"pre_page\": null, \"next_page\": null}}]", "object_repr": "4"}}, {"model": "reversion.version", "pk": 90, "fields": {"revision": 60, "object_id": "12383b77-8df2-4377-b9dc-2de5183d92e3", "content_type": 15, "db": "default", "format": "json", "serialized_data": "[{\"model\": \"core.page\", \"pk\": \"12383b77-8df2-4377-b9dc-2de5183d92e3\", \"fields\": {\"code\": \"QLZ002-0003\", \"name\": \"3\", \"type\": \"content\", \"series\": \"5eb40a40-2efc-4b14-814e-9bf57f8247bd\", \"volume\": \"24de952e-bd83-4ad8-8758-99af6262fcdb\", \"sutra\": \"af920878-0f63-49db-a6df-680fe49fdddf\", \"roll\": \"c8b7a0e6-84e6-47a1-9d39-969d8deffa33\", \"pre_page\": null, \"next_page\": null}}]", "object_repr": "3"}}, {"model": "reversion.version", "pk": 91, "fields": {"revision": 61, "object_id": "6a4d19c0-9750-47fb-8ae9-2b842b74fb5c", "content_type": 17, "db": "default", "format": "json", "serialized_data": "[{\"model\": \"core.pageresource\", \"pk\": \"6a4d19c0-9750-47fb-8ae9-2b842b74fb5c\", \"fields\": {\"page\": \"914b3dae-1c3c-4d09-9c8c-7bc50911dbfd\", \"type\": \"image\", \"resource\": \"0005.png\"}}]", "object_repr": "\u56fe\u7247 => 0005.png"}}, {"model": "reversion.version", "pk": 92, "fields": {"revision": 61, "object_id": "914b3dae-1c3c-4d09-9c8c-7bc50911dbfd", "content_type": 15, "db": "default", "format": "json", "serialized_data": "[{\"model\": \"core.page\", \"pk\": \"914b3dae-1c3c-4d09-9c8c-7bc50911dbfd\", \"fields\": {\"code\": \"QLZ001-0003\", \"name\": \"3\", \"type\": \"content\", \"series\": \"5eb40a40-2efc-4b14-814e-9bf57f8247bd\", \"volume\": \"730a0d61-acf5-487a-96bf-c4c30681f61e\", \"sutra\": \"8397958f-d07d-418e-b985-f3883c79174f\", \"roll\": \"c8b7a0e6-84e6-47a1-9d39-969d8deffa33\", \"pre_page\": null, \"next_page\": null}}]", "object_repr": "3"}}, {"model": "reversion.version", "pk": 93, "fields": {"revision": 62, "object_id": "6a4d19c0-9750-47fb-8ae9-2b842b74fb5c", "content_type": 17, "db": "default", "format": "json", "serialized_data": "[{\"model\": \"core.pageresource\", \"pk\": \"6a4d19c0-9750-47fb-8ae9-2b842b74fb5c\", \"fields\": {\"page\": \"914b3dae-1c3c-4d09-9c8c-7bc50911dbfd\", \"type\": \"image\", \"resource\": \"0005.png\"}}]", "object_repr": "\u56fe\u7247 => 0005.png"}}, {"model": "reversion.version", "pk": 94, "fields": {"revision": 62, "object_id": "914b3dae-1c3c-4d09-9c8c-7bc50911dbfd", "content_type": 15, "db": "default", "format": "json", "serialized_data": "[{\"model\": \"core.page\", \"pk\": \"914b3dae-1c3c-4d09-9c8c-7bc50911dbfd\", \"fields\": {\"code\": \"QLZ001-0003\", \"name\": \"3\", \"type\": \"content\", \"series\": \"5eb40a40-2efc-4b14-814e-9bf57f8247bd\", \"volume\": \"730a0d61-acf5-487a-96bf-c4c30681f61e\", \"sutra\": \"8397958f-d07d-418e-b985-f3883c79174f\", \"roll\": \"c8b7a0e6-84e6-47a1-9d39-969d8deffa33\", \"pre_page\": null, \"next_page\": null}}]", "object_repr": "3"}}, {"model": "reversion.version", "pk": 95, "fields": {"revision": 63, "object_id": "48fc8594-80e1-409d-b0f3-4a5ca0fa5a1c", "content_type": 15, "db": "default", "format": "json", "serialized_data": "[{\"model\": \"core.page\", \"pk\": \"48fc8594-80e1-409d-b0f3-4a5ca0fa5a1c\", \"fields\": {\"code\": \"QLZ001-0002\", \"name\": \"2\", \"type\": \"content\", \"series\": \"5eb40a40-2efc-4b14-814e-9bf57f8247bd\", \"volume\": \"730a0d61-acf5-487a-96bf-c4c30681f61e\", \"sutra\": \"8397958f-d07d-418e-b985-f3883c79174f\", \"roll\": \"c8b7a0e6-84e6-47a1-9d39-969d8deffa33\", \"pre_page\": null, \"next_page\": null}}]", "object_repr": "2"}}, {"model": "reversion.version", "pk": 96, "fields": {"revision": 63, "object_id": "a37064df-1f83-4183-95ea-0f517be22a85", "content_type": 17, "db": "default", "format": "json", "serialized_data": "[{\"model\": \"core.pageresource\", \"pk\": \"a37064df-1f83-4183-95ea-0f517be22a85\", \"fields\": {\"page\": \"48fc8594-80e1-409d-b0f3-4a5ca0fa5a1c\", \"type\": \"image\", \"resource\": \"0004.png\"}}]", "object_repr": "\u56fe\u7247 => 0004.png"}}, {"model": "reversion.version", "pk": 97, "fields": {"revision": 64, "object_id": "3bfb9d03-aca3-486a-84cf-7ed72c4fc5f8", "content_type": 17, "db": "default", "format": "json", "serialized_data": "[{\"model\": \"core.pageresource\", \"pk\": \"3bfb9d03-aca3-486a-84cf-7ed72c4fc5f8\", \"fields\": {\"page\": \"6736e9dc-50c4-48b1-b7d9-28af16cb162e\", \"type\": \"image\", \"resource\": \"0002.png\"}}]", "object_repr": "\u56fe\u7247 => 0002.png"}}, {"model": "reversion.version", "pk": 98, "fields": {"revision": 64, "object_id": "6736e9dc-50c4-48b1-b7d9-28af16cb162e", "content_type": 15, "db": "default", "format": "json", "serialized_data": "[{\"model\": \"core.page\", \"pk\": \"6736e9dc-50c4-48b1-b7d9-28af16cb162e\", \"fields\": {\"code\": \"QLZ002-0002\", \"name\": \"2\", \"type\": \"content\", \"series\": \"5eb40a40-2efc-4b14-814e-9bf57f8247bd\", \"volume\": \"24de952e-bd83-4ad8-8758-99af6262fcdb\", \"sutra\": \"af920878-0f63-49db-a6df-680fe49fdddf\", \"roll\": \"c8b7a0e6-84e6-47a1-9d39-969d8deffa33\", \"pre_page\": null, \"next_page\": null}}]", "object_repr": "2"}}, {"model": "reversion.version", "pk": 99, "fields": {"revision": 65, "object_id": "f6208a1e-c974-4c95-869b-c97052933164", "content_type": 15, "db": "default", "format": "json", "serialized_data": "[{\"model\": \"core.page\", \"pk\": \"f6208a1e-c974-4c95-869b-c97052933164\", \"fields\": {\"code\": \"QLZ001-0004\", \"name\": \"4\", \"type\": \"content\", \"series\": \"5eb40a40-2efc-4b14-814e-9bf57f8247bd\", \"volume\": \"730a0d61-acf5-487a-96bf-c4c30681f61e\", \"sutra\": \"8397958f-d07d-418e-b985-f3883c79174f\", \"roll\": \"c8b7a0e6-84e6-47a1-9d39-969d8deffa33\", \"pre_page\": null, \"next_page\": null}}]", "object_repr": "4"}}, {"model": "reversion.version", "pk": 100, "fields": {"revision": 65, "object_id": "e7699260-388c-4be4-870d-cbcff174afcc", "content_type": 17, "db": "default", "format": "json", "serialized_data": "[{\"model\": \"core.pageresource\", \"pk\": \"e7699260-388c-4be4-870d-cbcff174afcc\", \"fields\": {\"page\": \"f6208a1e-c974-4c95-869b-c97052933164\", \"type\": \"text\", \"resource\": \"roll_56_NYRIJyS.txt\"}}]", "object_repr": "\u6587\u672c => roll_56_NYRIJyS.txt"}}, {"model": "reversion.version", "pk": 101, "fields": {"revision": 65, "object_id": "33cc31d9-5b29-4702-9866-b67f6a60f22f", "content_type": 17, "db": "default", "format": "json", "serialized_data": "[{\"model\": \"core.pageresource\", \"pk\": \"33cc31d9-5b29-4702-9866-b67f6a60f22f\", \"fields\": {\"page\": \"f6208a1e-c974-4c95-869b-c97052933164\", \"type\": \"image\", \"resource\": \"0007.png\"}}]", "object_repr": "\u56fe\u7247 => 0007.png"}}, {"model": "reversion.version", "pk": 102, "fields": {"revision": 66, "object_id": "0494cfeb-4f0b-4123-8a67-e70e6237f5dc", "content_type": 13, "db": "default", "format": "json", "serialized_data": "[{\"model\": \"core.series\", \"pk\": \"0494cfeb-4f0b-4123-8a67-e70e6237f5dc\", \"fields\": {\"code\": \"KBZ\", \"name\": \"\\u5f00\\u5b9d\\u85cf\", \"type\": \"SS\", \"volume_count\": 100, \"sutra_count\": 30, \"dynasty\": \"\\u5b8b\", \"historic_site\": \"\\u6c74\\u6881\", \"publish_name\": \"\\u8d75\\u5321\\u80e4\", \"publish_date\": \"1017-06-18\", \"publish_edition\": 1, \"publish_prints\": 1, \"publish_ISBN\": null, \"remark\": \"\"}}]", "object_repr": "\u5f00\u5b9d\u85cf"}}, {"model": "reversion.version", "pk": 103, "fields": {"revision": 67, "object_id": "a65c6214-8a40-47c7-abd1-4ce9bf6316bc", "content_type": 19, "db": "default", "format": "json", "serialized_data": "[{\"model\": \"core.volume\", \"pk\": \"a65c6214-8a40-47c7-abd1-4ce9bf6316bc\", \"fields\": {\"code\": \"KBZ-V001\", \"name\": \"\\u7b2c\\u4e00\\u518c\", \"series\": \"0494cfeb-4f0b-4123-8a67-e70e6237f5dc\", \"start_page\": null, \"end_page\": null, \"remark\": \"\"}}]", "object_repr": "\u7b2c\u4e00\u518c"}}, {"model": "reversion.version", "pk": 104, "fields": {"revision": 68, "object_id": "fc367682-027f-477f-9e2e-9f65afb4b8ca", "content_type": 19, "db": "default", "format": "json", "serialized_data": "[{\"model\": \"core.volume\", \"pk\": \"fc367682-027f-477f-9e2e-9f65afb4b8ca\", \"fields\": {\"code\": \"KBZ-V002\", \"name\": \"\\u7b2c\\u4e8c\\u518c\", \"series\": \"0494cfeb-4f0b-4123-8a67-e70e6237f5dc\", \"start_page\": null, \"end_page\": null, \"remark\": \"\"}}]", "object_repr": "\u7b2c\u4e8c\u518c"}}, {"model": "reversion.version", "pk": 105, "fields": {"revision": 69, "object_id": "f3dc1c30-de1b-4692-973a-213c68f8b7f1", "content_type": 16, "db": "default", "format": "json", "serialized_data": "[{\"model\": \"core.sutra\", \"pk\": \"f3dc1c30-de1b-4692-973a-213c68f8b7f1\", \"fields\": {\"code\": \"KBZ-S001\", \"name\": \"\\u5fc3\\u7ecf\", \"type\": \"ST\", \"series\": \"0494cfeb-4f0b-4123-8a67-e70e6237f5dc\", \"clazz\": \"\\u822c\\u82e5\\u7c7b\", \"translator\": \"40d84a50-8588-4b80-b920-92d3825be390\", \"dynasty\": \"\\u59da\\u79e6\", \"historic_site\": \"\\u6210\\u90fd\", \"roll_count\": 30, \"start_page\": null, \"end_page\": null, \"qianziwen\": null, \"remark\": \"\"}}]", "object_repr": "\u5fc3\u7ecf"}}, {"model": "reversion.version", "pk": 106, "fields": {"revision": 70, "object_id": "e0f7ed52-a037-4106-891c-92c2512e6cdf", "content_type": 16, "db": "default", "format": "json", "serialized_data": "[{\"model\": \"core.sutra\", \"pk\": \"e0f7ed52-a037-4106-891c-92c2512e6cdf\", \"fields\": {\"code\": \"KBZ-S002\", \"name\": \"\\u91d1\\u521a\\u7ecf\", \"type\": \"ST\", \"series\": \"0494cfeb-4f0b-4123-8a67-e70e6237f5dc\", \"clazz\": \"\\u822c\\u82e5\\u7c7b\", \"translator\": \"ae3e5db2-8766-49cc-aecf-175444dfa256\", \"dynasty\": \"\\u5510\", \"historic_site\": \"\\u6148\\u6069\\u5bfa\", \"roll_count\": 40, \"start_page\": null, \"end_page\": null, \"qianziwen\": null, \"remark\": \"\"}}]", "object_repr": "\u91d1\u521a\u7ecf"}}, {"model": "reversion.version", "pk": 107, "fields": {"revision": 71, "object_id": "c212fe89-ebee-4d9b-8029-c1753cd79750", "content_type": 14, "db": "default", "format": "json", "serialized_data": "[{\"model\": \"core.roll\", \"pk\": \"c212fe89-ebee-4d9b-8029-c1753cd79750\", \"fields\": {\"code\": \"KBZ-S002-R001\", \"name\": \"\\u7b2c\\u4e00\\u5377\", \"series\": \"0494cfeb-4f0b-4123-8a67-e70e6237f5dc\", \"sutra\": \"e0f7ed52-a037-4106-891c-92c2512e6cdf\", \"page_count\": 50, \"start_page\": null, \"end_page\": null, \"qianziwen\": null, \"remark\": \"\"}}]", "object_repr": "\u7b2c\u4e00\u5377"}}, {"model": "reversion.version", "pk": 108, "fields": {"revision": 72, "object_id": "276d4582-e592-45ad-bbb6-3bf7c2a993ad", "content_type": 17, "db": "default", "format": "json", "serialized_data": "[{\"model\": \"core.pageresource\", \"pk\": \"276d4582-e592-45ad-bbb6-3bf7c2a993ad\", \"fields\": {\"page\": \"a5d0977e-44fe-4e1a-b9c0-497b9d37707c\", \"type\": \"image\", \"resource\": \"0008_ghgfDvN.png\"}}]", "object_repr": "\u56fe\u7247 => 0008_ghgfDvN.png"}}, {"model": "reversion.version", "pk": 109, "fields": {"revision": 72, "object_id": "a07755f4-f224-4b27-8097-bdad9a3af13b", "content_type": 17, "db": "default", "format": "json", "serialized_data": "[{\"model\": \"core.pageresource\", \"pk\": \"a07755f4-f224-4b27-8097-bdad9a3af13b\", \"fields\": {\"page\": \"a5d0977e-44fe-4e1a-b9c0-497b9d37707c\", \"type\": \"text\", \"resource\": \"roll_56_z5nur6Q.txt\"}}]", "object_repr": "\u6587\u672c => roll_56_z5nur6Q.txt"}}, {"model": "reversion.version", "pk": 110, "fields": {"revision": 72, "object_id": "a5d0977e-44fe-4e1a-b9c0-497b9d37707c", "content_type": 15, "db": "default", "format": "json", "serialized_data": "[{\"model\": \"core.page\", \"pk\": \"a5d0977e-44fe-4e1a-b9c0-497b9d37707c\", \"fields\": {\"code\": \"KBZ-S002-R001-P001\", \"name\": \"1\", \"type\": \"content\", \"series\": \"0494cfeb-4f0b-4123-8a67-e70e6237f5dc\", \"volume\": \"a65c6214-8a40-47c7-abd1-4ce9bf6316bc\", \"sutra\": \"e0f7ed52-a037-4106-891c-92c2512e6cdf\", \"roll\": \"c212fe89-ebee-4d9b-8029-c1753cd79750\", \"pre_page\": null, \"next_page\": null}}]", "object_repr": "1"}}, {"model": "reversion.version", "pk": 111, "fields": {"revision": 73, "object_id": "6a37fdc4-3da0-4ffa-96c4-313881a7022d", "content_type": 16, "db": "default", "format": "json", "serialized_data": "[{\"model\": \"core.sutra\", \"pk\": \"6a37fdc4-3da0-4ffa-96c4-313881a7022d\", \"fields\": {\"code\": \"KBZ-S003\", \"name\": \"\\u5706\\u89c9\\u7ecf\", \"type\": \"ST\", \"series\": \"0494cfeb-4f0b-4123-8a67-e70e6237f5dc\", \"clazz\": null, \"translator\": null, \"dynasty\": null, \"historic_site\": null, \"roll_count\": null, \"start_page\": null, \"end_page\": null, \"qianziwen\": null, \"remark\": \"\"}}]", "object_repr": "\u5706\u89c9\u7ecf"}}, {"model": "reversion.version", "pk": 112, "fields": {"revision": 74, "object_id": "2f0dea37-6a30-4681-b9f3-1655dfeb64c5", "content_type": 14, "db": "default", "format": "json", "serialized_data": "[{\"model\": \"core.roll\", \"pk\": \"2f0dea37-6a30-4681-b9f3-1655dfeb64c5\", \"fields\": {\"code\": \"\", \"name\": \"\\u7b2c\\u4e09\\u5377\", \"series\": \"0494cfeb-4f0b-4123-8a67-e70e6237f5dc\", \"sutra\": \"6a37fdc4-3da0-4ffa-96c4-313881a7022d\", \"page_count\": null, \"start_page\": null, \"end_page\": null, \"qianziwen\": null, \"remark\": \"\"}}]", "object_repr": "\u7b2c\u4e09\u5377"}}, {"model": "reversion.version", "pk": 113, "fields": {"revision": 75, "object_id": "6675de8a-04cb-427a-a58e-df84934ab635", "content_type": 17, "db": "default", "format": "json", "serialized_data": "[{\"model\": \"core.pageresource\", \"pk\": \"6675de8a-04cb-427a-a58e-df84934ab635\", \"fields\": {\"page\": \"855c28a5-e3a8-4c23-8ccc-dc3d52c153ba\", \"type\": \"image\", \"resource\": \"0004_IQ9LJ7g.png\"}}]", "object_repr": "\u56fe\u7247 => 0004_IQ9LJ7g.png"}}, {"model": "reversion.version", "pk": 114, "fields": {"revision": 75, "object_id": "855c28a5-e3a8-4c23-8ccc-dc3d52c153ba", "content_type": 15, "db": "default", "format": "json", "serialized_data": "[{\"model\": \"core.page\", \"pk\": \"855c28a5-e3a8-4c23-8ccc-dc3d52c153ba\", \"fields\": {\"code\": \"\", \"name\": \"1\", \"type\": \"content\", \"series\": \"0494cfeb-4f0b-4123-8a67-e70e6237f5dc\", \"volume\": \"a65c6214-8a40-47c7-abd1-4ce9bf6316bc\", \"sutra\": \"6a37fdc4-3da0-4ffa-96c4-313881a7022d\", \"roll\": \"2f0dea37-6a30-4681-b9f3-1655dfeb64c5\", \"pre_page\": null, \"next_page\": null}}]", "object_repr": "1"}}, {"model": "reversion.version", "pk": 115, "fields": {"revision": 75, "object_id": "5ed5cf3b-3ccc-46c8-a4d9-88ad91736d4b", "content_type": 17, "db": "default", "format": "json", "serialized_data": "[{\"model\": \"core.pageresource\", \"pk\": \"5ed5cf3b-3ccc-46c8-a4d9-88ad91736d4b\", \"fields\": {\"page\": \"855c28a5-e3a8-4c23-8ccc-dc3d52c153ba\", \"type\": \"text\", \"resource\": \"roll_55_nxxl9KD.txt\"}}]", "object_repr": "\u6587\u672c => roll_55_nxxl9KD.txt"}}, {"model": "reversion.version", "pk": 116, "fields": {"revision": 76, "object_id": "855c28a5-e3a8-4c23-8ccc-dc3d52c153ba", "content_type": 15, "db": "default", "format": "json", "serialized_data": "[{\"model\": \"core.page\", \"pk\": \"855c28a5-e3a8-4c23-8ccc-dc3d52c153ba\", \"fields\": {\"code\": \"KBZ-S002-R001-P002\", \"name\": \"1\", \"type\": \"content\", \"series\": \"0494cfeb-4f0b-4123-8a67-e70e6237f5dc\", \"volume\": \"a65c6214-8a40-47c7-abd1-4ce9bf6316bc\", \"sutra\": \"6a37fdc4-3da0-4ffa-96c4-313881a7022d\", \"roll\": \"2f0dea37-6a30-4681-b9f3-1655dfeb64c5\", \"pre_page\": null, \"next_page\": null}}]", "object_repr": "1"}}, {"model": "reversion.version", "pk": 117, "fields": {"revision": 76, "object_id": "5ed5cf3b-3ccc-46c8-a4d9-88ad91736d4b", "content_type": 17, "db": "default", "format": "json", "serialized_data": "[{\"model\": \"core.pageresource\", \"pk\": \"5ed5cf3b-3ccc-46c8-a4d9-88ad91736d4b\", \"fields\": {\"page\": \"855c28a5-e3a8-4c23-8ccc-dc3d52c153ba\", \"type\": \"text\", \"source\": \"hand\", \"resource\": \"roll_55_nxxl9KD.txt\"}}]", "object_repr": "\u6587\u672c => roll_55_nxxl9KD.txt"}}, {"model": "reversion.version", "pk": 118, "fields": {"revision": 76, "object_id": "6675de8a-04cb-427a-a58e-df84934ab635", "content_type": 17, "db": "default", "format": "json", "serialized_data": "[{\"model\": \"core.pageresource\", \"pk\": \"6675de8a-04cb-427a-a58e-df84934ab635\", \"fields\": {\"page\": \"855c28a5-e3a8-4c23-8ccc-dc3d52c153ba\", \"type\": \"image\", \"source\": \"hand\", \"resource\": \"0004_IQ9LJ7g.png\"}}]", "object_repr": "\u56fe\u7247 => 0004_IQ9LJ7g.png"}}, {"model": "reversion.version", "pk": 119, "fields": {"revision": 77, "object_id": "8b13f40a-0af9-461f-bc27-3879c167704e", "content_type": 22, "db": "default", "format": "json", "serialized_data": "[{\"model\": \"core.normname\", \"pk\": \"8b13f40a-0af9-461f-bc27-3879c167704e\", \"fields\": {\"name\": \"\\u5fc3\\u7ecf\", \"type\": \"sutra\", \"remark\": \"\"}}]", "object_repr": "\u5fc3\u7ecf"}}, {"model": "reversion.version", "pk": 120, "fields": {"revision": 78, "object_id": "e7f5d850-c99a-412e-a758-aaa6004cddcb", "content_type": 21, "db": "default", "format": "json", "serialized_data": "[{\"model\": \"core.normnamemap\", \"pk\": \"e7f5d850-c99a-412e-a758-aaa6004cddcb\", \"fields\": {\"type\": \"sutra\", \"name\": \"\\u822c\\u82e5\\u591a\\u7f57\\u5bc6\\u5fc3\\u7ecf\", \"norm_name\": \"8b13f40a-0af9-461f-bc27-3879c167704e\", \"remark\": \"\"}}]", "object_repr": "\u822c\u82e5\u591a\u7f57\u5bc6\u5fc3\u7ecf"}}, {"model": "reversion.version", "pk": 121, "fields": {"revision": 79, "object_id": "4f67dc6b-0a36-4f6a-ba4b-98fbabce8e67", "content_type": 22, "db": "default", "format": "json", "serialized_data": "[{\"model\": \"core.normname\", \"pk\": \"4f67dc6b-0a36-4f6a-ba4b-98fbabce8e67\", \"fields\": {\"name\": \"\\u4e7e\\u9686\\u85cf\", \"type\": \"series\", \"remark\": \"\"}}]", "object_repr": "\u4e7e\u9686\u85cf"}}, {"model": "reversion.version", "pk": 122, "fields": {"revision": 80, "object_id": "44cc84d2-323c-414d-8ab7-6750e5c2a393", "content_type": 21, "db": "default", "format": "json", "serialized_data": "[{\"model\": \"core.normnamemap\", \"pk\": \"44cc84d2-323c-414d-8ab7-6750e5c2a393\", \"fields\": {\"type\": \"series\", \"name\": \"\\u4e7e\\u9686\\u5927\\u85cf\\u7ecf\", \"norm_name\": \"4f67dc6b-0a36-4f6a-ba4b-98fbabce8e67\", \"remark\": \"\"}}]", "object_repr": "\u4e7e\u9686\u5927\u85cf\u7ecf"}}, {"model": "reversion.version", "pk": 123, "fields": {"revision": 81, "object_id": "73adc9fd-16a1-446e-ab03-e01f7ae2ff7d", "content_type": 22, "db": "default", "format": "json", "serialized_data": "[{\"model\": \"core.normname\", \"pk\": \"73adc9fd-16a1-446e-ab03-e01f7ae2ff7d\", \"fields\": {\"name\": \"\\u59da\\u79e6\", \"type\": \"sutra\", \"remark\": \"\"}}]", "object_repr": "\u59da\u79e6"}}, {"model": "reversion.version", "pk": 124, "fields": {"revision": 82, "object_id": "73adc9fd-16a1-446e-ab03-e01f7ae2ff7d", "content_type": 22, "db": "default", "format": "json", "serialized_data": "[{\"model\": \"core.normname\", \"pk\": \"73adc9fd-16a1-446e-ab03-e01f7ae2ff7d\", \"fields\": {\"name\": \"\\u59da\\u79e6\", \"type\": \"dynasty\", \"remark\": \"\"}}]", "object_repr": "\u59da\u79e6"}}, {"model": "reversion.version", "pk": 125, "fields": {"revision": 83, "object_id": "fb4bbf15-6f1a-4ffe-bfaf-fc808c4b9015", "content_type": 21, "db": "default", "format": "json", "serialized_data": "[{\"model\": \"core.normnamemap\", \"pk\": \"fb4bbf15-6f1a-4ffe-bfaf-fc808c4b9015\", \"fields\": {\"type\": \"dynasty\", \"name\": \"\\u5148\\u79e6\", \"norm_name\": \"73adc9fd-16a1-446e-ab03-e01f7ae2ff7d\", \"remark\": \"\"}}]", "object_repr": "\u5148\u79e6"}}, {"model": "reversion.version", "pk": 126, "fields": {"revision": 84, "object_id": "8bfad895-16f6-4713-9c53-001729cadf1d", "content_type": 21, "db": "default", "format": "json", "serialized_data": "[{\"model\": \"core.normnamemap\", \"pk\": \"8bfad895-16f6-4713-9c53-001729cadf1d\", \"fields\": {\"type\": \"dynasty\", \"name\": \"\\u5148\\u79e6\", \"norm_name\": \"73adc9fd-16a1-446e-ab03-e01f7ae2ff7d\", \"remark\": \"\"}}]", "object_repr": "\u5148\u79e6"}}, {"model": "core.series", "pk": "0494cfeb-4f0b-4123-8a67-e70e6237f5dc", "fields": {"code": "KBZ", "name": "\u5f00\u5b9d\u85cf", "type": "SS", "volume_count": 100, "sutra_count": 30, "dynasty": "\u5b8b", "historic_site": "\u6c74\u6881", "library_site": null, "book_reservation": null, "publish_name": "\u8d75\u5321\u80e4", "publish_date": "1017-06-18", "publish_edition": 1, "publish_prints": 1, "publish_ISBN": null, "remark": ""}}, {"model": "core.series", "pk": "5eb40a40-2efc-4b14-814e-9bf57f8247bd", "fields": {"code": "QLZ", "name": "\u4e7e\u9686\u85cf", "type": "SS", "volume_count": 168, "sutra_count": 12, "dynasty": "\u6e05", "historic_site": "\u5317\u4eac", "library_site": null, "book_reservation": null, "publish_name": "\u4e2d\u56fd\u4e66\u5e97\u51fa\u7248\u793e", "publish_date": "2007-01-01", "publish_edition": 1, "publish_prints": 1, "publish_ISBN": "9787806635209", "remark": ""}}, {"model": "core.series", "pk": "5f689d56-d36f-47fc-86af-e876a49bcfcb", "fields": {"code": "GL", "name": "\u83e9\u63d0\u9053\u6b21\u7b2c\u7565\u8bba", "type": "OP", "volume_count": null, "sutra_count": null, "dynasty": null, "historic_site": null, "library_site": null, "book_reservation": null, "publish_name": null, "publish_date": null, "publish_edition": null, "publish_prints": null, "publish_ISBN": null, "remark": ""}}, {"model": "core.series", "pk": "bd36edf5-cc6d-4962-9198-a44d43f4f916", "fields": {"code": "YLBZ", "name": "\u6c38\u4e50\u5317\u85cf", "type": "SS", "volume_count": null, "sutra_count": null, "dynasty": "\u660e", "historic_site": null, "library_site": null, "book_reservation": null, "publish_name": null, "publish_date": null, "publish_edition": null, "publish_prints": null, "publish_ISBN": null, "remark": ""}}, {"model": "core.volume", "pk": "24de952e-bd83-4ad8-8758-99af6262fcdb", "fields": {"code": "QLZ002", "name": "\u7b2c\u4e8c\u518c", "series": "5eb40a40-2efc-4b14-814e-9bf57f8247bd", "start_page": null, "end_page": null, "remark": ""}}, {"model": "core.volume", "pk": "730a0d61-acf5-487a-96bf-c4c30681f61e", "fields": {"code": "QLZ001", "name": "\u7b2c\u4e00\u518c", "series": "5eb40a40-2efc-4b14-814e-9bf57f8247bd", "start_page": null, "end_page": null, "remark": ""}}, {"model": "core.volume", "pk": "a65c6214-8a40-47c7-abd1-4ce9bf6316bc", "fields": {"code": "KBZ-V001", "name": "\u7b2c\u4e00\u518c", "series": "0494cfeb-4f0b-4123-8a67-e70e6237f5dc", "start_page": null, "end_page": null, "remark": ""}}, {"model": "core.volume", "pk": "efbf3a8b-288a-4f38-85bb-9dce125ff987", "fields": {"code": "QLZ003", "name": "\u7b2c\u4e09\u518c", "series": "5eb40a40-2efc-4b14-814e-9bf57f8247bd", "start_page": null, "end_page": null, "remark": ""}}, {"model": "core.volume", "pk": "fc367682-027f-477f-9e2e-9f65afb4b8ca", "fields": {"code": "KBZ-V002", "name": "\u7b2c\u4e8c\u518c", "series": "0494cfeb-4f0b-4123-8a67-e70e6237f5dc", "start_page": null, "end_page": null, "remark": ""}}, {"model": "core.sutra", "pk": "1ebd870a-9573-4d26-9248-1640c06cc881", "fields": {"code": "QLZJ0002", "name": "\u653e\u5149\u822c\u82e5\u6ce2\u7f57\u871c\u7ecf", "type": "ST", "series": "5eb40a40-2efc-4b14-814e-9bf57f8247bd", "clazz": "\u822c\u82e5\u7c7b", "translator": "ae3e5db2-8766-49cc-aecf-175444dfa256", "dynasty": "\u5510", "historic_site": "\u7389\u534e\u5bfa", "roll_count": 30, "start_volume": null, "end_volume": null, "start_page": null, "end_page": null, "qianziwen": null, "remark": ""}}, {"model": "core.sutra", "pk": "2618d1ce-0009-44d1-bb91-cd431bca3082", "fields": {"code": "QLZJ0007", "name": "\u6cd5\u534e\u7ecf", "type": "ST", "series": "5eb40a40-2efc-4b14-814e-9bf57f8247bd", "clazz": "\u5929\u53f0", "translator": "40d84a50-8588-4b80-b920-92d3825be390", "dynasty": "\u540e\u51c9", "historic_site": "\u957f\u5b89", "roll_count": 78, "start_volume": null, "end_volume": null, "start_page": null, "end_page": null, "qianziwen": null, "remark": ""}}, {"model": "core.sutra", "pk": "6a37fdc4-3da0-4ffa-96c4-313881a7022d", "fields": {"code": "KBZ-S003", "name": "\u5706\u89c9\u7ecf", "type": "ST", "series": "0494cfeb-4f0b-4123-8a67-e70e6237f5dc", "clazz": null, "translator": null, "dynasty": null, "historic_site": null, "roll_count": null, "start_volume": null, "end_volume": null, "start_page": null, "end_page": null, "qianziwen": null, "remark": ""}}, {"model": "core.sutra", "pk": "8397958f-d07d-418e-b985-f3883c79174f", "fields": {"code": "QLZJ0001", "name": "\u5927\u822c\u82e5\u6ce2\u7f57\u871c\u591a\u7ecf", "type": "ST", "series": "5eb40a40-2efc-4b14-814e-9bf57f8247bd", "clazz": "\u822c\u82e5\u7c7b", "translator": "ae3e5db2-8766-49cc-aecf-175444dfa256", "dynasty": "\u5510", "historic_site": "\u6148\u6069\u5bfa", "roll_count": 600, "start_volume": null, "end_volume": null, "start_page": null, "end_page": null, "qianziwen": null, "remark": ""}}, {"model": "core.sutra", "pk": "96ba6ab4-5d08-48e0-8a0a-4a5f885560f9", "fields": {"code": "QLZJ0006", "name": "\u5341\u8bf5\u5f8b", "type": "RT", "series": "5eb40a40-2efc-4b14-814e-9bf57f8247bd", "clazz": "\u5927\u5c0f\u4e58\u5f8b", "translator": "40d84a50-8588-4b80-b920-92d3825be390", "dynasty": "\u5f18\u59cb", "historic_site": "\u897f\u660e\u9601", "roll_count": 55, "start_volume": null, "end_volume": null, "start_page": null, "end_page": null, "qianziwen": null, "remark": ""}}, {"model": "core.sutra", "pk": "af920878-0f63-49db-a6df-680fe49fdddf", "fields": {"code": "QLZJ0004", "name": "\u4e2d\u8bba", "type": "TT", "series": "5eb40a40-2efc-4b14-814e-9bf57f8247bd", "clazz": "\u4e2d\u89c2\u6d3e\u8bba", "translator": "40d84a50-8588-4b80-b920-92d3825be390", "dynasty": "\u5f18\u59cb", "historic_site": "\u897f\u660e\u9601", "roll_count": 32, "start_volume": null, "end_volume": null, "start_page": null, "end_page": null, "qianziwen": null, "remark": ""}}, {"model": "core.sutra", "pk": "be7da083-1ea2-4537-bd65-ae1795aafc62", "fields": {"code": "QLZJ0005", "name": "\u5341\u4e8c\u95e8\u8bba", "type": "TT", "series": "5eb40a40-2efc-4b14-814e-9bf57f8247bd", "clazz": "\u4e2d\u89c2\u6d3e\u8bba", "translator": "40d84a50-8588-4b80-b920-92d3825be390", "dynasty": "\u5f18\u59cb", "historic_site": "\u897f\u660e\u9601", "roll_count": 23, "start_volume": null, "end_volume": null, "start_page": null, "end_page": null, "qianziwen": null, "remark": ""}}, {"model": "core.sutra", "pk": "e0f7ed52-a037-4106-891c-92c2512e6cdf", "fields": {"code": "KBZ-S002", "name": "\u91d1\u521a\u7ecf", "type": "ST", "series": "0494cfeb-4f0b-4123-8a67-e70e6237f5dc", "clazz": "\u822c\u82e5\u7c7b", "translator": "ae3e5db2-8766-49cc-aecf-175444dfa256", "dynasty": "\u5510", "historic_site": "\u6148\u6069\u5bfa", "roll_count": 40, "start_volume": null, "end_volume": null, "start_page": null, "end_page": null, "qianziwen": null, "remark": ""}}, {"model": "core.sutra", "pk": "f3dc1c30-de1b-4692-973a-213c68f8b7f1", "fields": {"code": "KBZ-S001", "name": "\u5fc3\u7ecf", "type": "ST", "series": "0494cfeb-4f0b-4123-8a67-e70e6237f5dc", "clazz": "\u822c\u82e5\u7c7b", "translator": "40d84a50-8588-4b80-b920-92d3825be390", "dynasty": "\u59da\u79e6", "historic_site": "\u6210\u90fd", "roll_count": 30, "start_volume": null, "end_volume": null, "start_page": null, "end_page": null, "qianziwen": null, "remark": ""}}, {"model": "core.sutra", "pk": "f707b49d-d2c5-4c43-b776-cf5105ee03a9", "fields": {"code": "QLZJ0003", "name": "\u51fa\u4e09\u85cf\u8bb0\u96c6", "type": "ST", "series": "5eb40a40-2efc-4b14-814e-9bf57f8247bd", "clazz": "\u5927\u4e58\u7985\u7ecf", "translator": "40d84a50-8588-4b80-b920-92d3825be390", "dynasty": "\u5f18\u59cb", "historic_site": "\u897f\u660e\u9601", "roll_count": 294, "start_volume": null, "end_volume": null, "start_page": null, "end_page": null, "qianziwen": null, "remark": ""}}, {"model": "core.roll", "pk": "1199a635-b025-4778-b06e-3d0d6d4426de", "fields": {"code": "QLZJ0001-003", "name": "\u7b2c\u4e09\u5377", "series": "5eb40a40-2efc-4b14-814e-9bf57f8247bd", "sutra": "8397958f-d07d-418e-b985-f3883c79174f", "page_count": 30, "start_page": null, "end_page": null, "qianziwen": null, "remark": ""}}, {"model": "core.roll", "pk": "2f0dea37-6a30-4681-b9f3-1655dfeb64c5", "fields": {"code": "", "name": "\u7b2c\u4e09\u5377", "series": "0494cfeb-4f0b-4123-8a67-e70e6237f5dc", "sutra": "6a37fdc4-3da0-4ffa-96c4-313881a7022d", "page_count": null, "start_page": null, "end_page": null, "qianziwen": null, "remark": ""}}, {"model": "core.roll", "pk": "872505bb-0242-4ab3-b6e0-4aeff961a0f2", "fields": {"code": "QLZJ0001-004", "name": "\u7b2c\u56db\u5377", "series": "5eb40a40-2efc-4b14-814e-9bf57f8247bd", "sutra": "8397958f-d07d-418e-b985-f3883c79174f", "page_count": 30, "start_page": null, "end_page": null, "qianziwen": null, "remark": ""}}, {"model": "core.roll", "pk": "9a8dbd70-e855-486b-94c3-584d39c93b81", "fields": {"code": "QLZJ0001-002", "name": "\u7b2c\u4e8c\u5377", "series": "5eb40a40-2efc-4b14-814e-9bf57f8247bd", "sutra": "8397958f-d07d-418e-b985-f3883c79174f", "page_count": 30, "start_page": null, "end_page": null, "qianziwen": null, "remark": ""}}, {"model": "core.roll", "pk": "9f3e6e8f-ce63-47db-8b35-1f93583c2f2c", "fields": {"code": "QLZJ0001-005", "name": "\u7b2c\u4e94\u5377", "series": "5eb40a40-2efc-4b14-814e-9bf57f8247bd", "sutra": "8397958f-d07d-418e-b985-f3883c79174f", "page_count": 30, "start_page": null, "end_page": null, "qianziwen": null, "remark": ""}}, {"model": "core.roll", "pk": "c212fe89-ebee-4d9b-8029-c1753cd79750", "fields": {"code": "KBZ-S002-R001", "name": "\u7b2c\u4e00\u5377", "series": "0494cfeb-4f0b-4123-8a67-e70e6237f5dc", "sutra": "e0f7ed52-a037-4106-891c-92c2512e6cdf", "page_count": 50, "start_page": null, "end_page": null, "qianziwen": null, "remark": ""}}, {"model": "core.roll", "pk": "c8b7a0e6-84e6-47a1-9d39-969d8deffa33", "fields": {"code": "QLZJ0001-001", "name": "\u7b2c\u4e00\u5377", "series": "5eb40a40-2efc-4b14-814e-9bf57f8247bd", "sutra": "8397958f-d07d-418e-b985-f3883c79174f", "page_count": 30, "start_page": null, "end_page": null, "qianziwen": null, "remark": ""}}, {"model": "core.page", "pk": "0c5a541f-5e50-461a-8219-481853c6921f", "fields": {"code": "QLZ001-0006", "name": "6", "type": "content", "series": "5eb40a40-2efc-4b14-814e-9bf57f8247bd", "volume": "730a0d61-acf5-487a-96bf-c4c30681f61e", "sutra": "8397958f-d07d-418e-b985-f3883c79174f", "roll": "c8b7a0e6-84e6-47a1-9d39-969d8deffa33", "pre_page": null, "next_page": null}}, {"model": "core.page", "pk": "12383b77-8df2-4377-b9dc-2de5183d92e3", "fields": {"code": "QLZ002-0003", "name": "3", "type": "content", "series": "5eb40a40-2efc-4b14-814e-9bf57f8247bd", "volume": "24de952e-bd83-4ad8-8758-99af6262fcdb", "sutra": "af920878-0f63-49db-a6df-680fe49fdddf", "roll": "c8b7a0e6-84e6-47a1-9d39-969d8deffa33", "pre_page": null, "next_page": null}}, {"model": "core.page", "pk": "244e68f0-f903-4e17-82f7-b99a918afe0e", "fields": {"code": "QLZ001-0001", "name": "1", "type": "content", "series": "5eb40a40-2efc-4b14-814e-9bf57f8247bd", "volume": "730a0d61-acf5-487a-96bf-c4c30681f61e", "sutra": "8397958f-d07d-418e-b985-f3883c79174f", "roll": "c8b7a0e6-84e6-47a1-9d39-969d8deffa33", "pre_page": null, "next_page": null}}, {"model": "core.page", "pk": "29b4144a-946d-4838-a910-e06c367929a4", "fields": {"code": "QLZ001-0005", "name": "5", "type": "content", "series": "5eb40a40-2efc-4b14-814e-9bf57f8247bd", "volume": "730a0d61-acf5-487a-96bf-c4c30681f61e", "sutra": "8397958f-d07d-418e-b985-f3883c79174f", "roll": "c8b7a0e6-84e6-47a1-9d39-969d8deffa33", "pre_page": null, "next_page": null}}, {"model": "core.page", "pk": "3ed7f292-fe1c-44b4-94dc-328dbf9ec708", "fields": {"code": "QLZ002-0001", "name": "1", "type": "content", "series": "5eb40a40-2efc-4b14-814e-9bf57f8247bd", "volume": "24de952e-bd83-4ad8-8758-99af6262fcdb", "sutra": "af920878-0f63-49db-a6df-680fe49fdddf", "roll": "c8b7a0e6-84e6-47a1-9d39-969d8deffa33", "pre_page": null, "next_page": null}}, {"model": "core.page", "pk": "48fc8594-80e1-409d-b0f3-4a5ca0fa5a1c", "fields": {"code": "QLZ001-0002", "name": "2", "type": "content", "series": "5eb40a40-2efc-4b14-814e-9bf57f8247bd", "volume": "730a0d61-acf5-487a-96bf-c4c30681f61e", "sutra": "8397958f-d07d-418e-b985-f3883c79174f", "roll": "c8b7a0e6-84e6-47a1-9d39-969d8deffa33", "pre_page": null, "next_page": null}}, {"model": "core.page", "pk": "6736e9dc-50c4-48b1-b7d9-28af16cb162e", "fields": {"code": "QLZ002-0002", "name": "2", "type": "content", "series": "5eb40a40-2efc-4b14-814e-9bf57f8247bd", "volume": "24de952e-bd83-4ad8-8758-99af6262fcdb", "sutra": "af920878-0f63-49db-a6df-680fe49fdddf", "roll": "c8b7a0e6-84e6-47a1-9d39-969d8deffa33", "pre_page": null, "next_page": null}}, {"model": "core.page", "pk": "855c28a5-e3a8-4c23-8ccc-dc3d52c153ba", "fields": {"code": "KBZ-S002-R001-P002", "name": "1", "type": "content", "series": "0494cfeb-4f0b-4123-8a67-e70e6237f5dc", "volume": "a65c6214-8a40-47c7-abd1-4ce9bf6316bc", "sutra": "6a37fdc4-3da0-4ffa-96c4-313881a7022d", "roll": "2f0dea37-6a30-4681-b9f3-1655dfeb64c5", "pre_page": null, "next_page": null}}, {"model": "core.page", "pk": "914b3dae-1c3c-4d09-9c8c-7bc50911dbfd", "fields": {"code": "QLZ001-0003", "name": "3", "type": "content", "series": "5eb40a40-2efc-4b14-814e-9bf57f8247bd", "volume": "730a0d61-acf5-487a-96bf-c4c30681f61e", "sutra": "8397958f-d07d-418e-b985-f3883c79174f", "roll": "c8b7a0e6-84e6-47a1-9d39-969d8deffa33", "pre_page": null, "next_page": null}}, {"model": "core.page", "pk": "99437625-4439-4bd0-8dbe-d41829588ddf", "fields": {"code": "QLZ002-0004", "name": "4", "type": "content", "series": "5eb40a40-2efc-4b14-814e-9bf57f8247bd", "volume": "24de952e-bd83-4ad8-8758-99af6262fcdb", "sutra": "af920878-0f63-49db-a6df-680fe49fdddf", "roll": "c8b7a0e6-84e6-47a1-9d39-969d8deffa33", "pre_page": null, "next_page": null}}, {"model": "core.page", "pk": "a5d0977e-44fe-4e1a-b9c0-497b9d37707c", "fields": {"code": "KBZ-S002-R001-P001", "name": "1", "type": "content", "series": "0494cfeb-4f0b-4123-8a67-e70e6237f5dc", "volume": "a65c6214-8a40-47c7-abd1-4ce9bf6316bc", "sutra": "e0f7ed52-a037-4106-891c-92c2512e6cdf", "roll": "c212fe89-ebee-4d9b-8029-c1753cd79750", "pre_page": null, "next_page": null}}, {"model": "core.page", "pk": "f6208a1e-c974-4c95-869b-c97052933164", "fields": {"code": "QLZ001-0004", "name": "4", "type": "content", "series": "5eb40a40-2efc-4b14-814e-9bf57f8247bd", "volume": "730a0d61-acf5-487a-96bf-c4c30681f61e", "sutra": "8397958f-d07d-418e-b985-f3883c79174f", "roll": "c8b7a0e6-84e6-47a1-9d39-969d8deffa33", "pre_page": null, "next_page": null}}, {"model": "core.pageresource", "pk": "276d4582-e592-45ad-bbb6-3bf7c2a993ad", "fields": {"page": "a5d0977e-44fe-4e1a-b9c0-497b9d37707c", "type": "image", "source": "hand", "resource": "0008_ghgfDvN.png"}}, {"model": "core.pageresource", "pk": "33cc31d9-5b29-4702-9866-b67f6a60f22f", "fields": {"page": "f6208a1e-c974-4c95-869b-c97052933164", "type": "image", "source": "hand", "resource": "0007.png"}}, {"model": "core.pageresource", "pk": "381f36df-9121-4d7b-a174-0935a2fa9fbe", "fields": {"page": "29b4144a-946d-4838-a910-e06c367929a4", "type": "image", "source": "hand", "resource": "0008.png"}}, {"model": "core.pageresource", "pk": "3bfb9d03-aca3-486a-84cf-7ed72c4fc5f8", "fields": {"page": "6736e9dc-50c4-48b1-b7d9-28af16cb162e", "type": "image", "source": "hand", "resource": "0002.png"}}, {"model": "core.pageresource", "pk": "5ed5cf3b-3ccc-46c8-a4d9-88ad91736d4b", "fields": {"page": "855c28a5-e3a8-4c23-8ccc-dc3d52c153ba", "type": "text", "source": "hand", "resource": "roll_55_nxxl9KD.txt"}}, {"model": "core.pageresource", "pk": "6675de8a-04cb-427a-a58e-df84934ab635", "fields": {"page": "855c28a5-e3a8-4c23-8ccc-dc3d52c153ba", "type": "image", "source": "hand", "resource": "0004_IQ9LJ7g.png"}}, {"model": "core.pageresource", "pk": "6a4d19c0-9750-47fb-8ae9-2b842b74fb5c", "fields": {"page": "914b3dae-1c3c-4d09-9c8c-7bc50911dbfd", "type": "image", "source": "hand", "resource": "0005.png"}}, {"model": "core.pageresource", "pk": "834538b9-30b9-41bb-a7fc-8a434692de7c", "fields": {"page": "3ed7f292-fe1c-44b4-94dc-328dbf9ec708", "type": "text", "source": "hand", "resource": "roll_55.txt"}}, {"model": "core.pageresource", "pk": "8f08aa19-0b23-4077-a9b1-574a121674e0", "fields": {"page": "0c5a541f-5e50-461a-8219-481853c6921f", "type": "image", "source": "hand", "resource": "0006.png"}}, {"model": "core.pageresource", "pk": "9b3cd18d-bbf3-42ee-b5a2-64d98b8c99fe", "fields": {"page": "244e68f0-f903-4e17-82f7-b99a918afe0e", "type": "image", "source": "hand", "resource": "0001.png"}}, {"model": "core.pageresource", "pk": "a07755f4-f224-4b27-8097-bdad9a3af13b", "fields": {"page": "a5d0977e-44fe-4e1a-b9c0-497b9d37707c", "type": "text", "source": "hand", "resource": "roll_56_z5nur6Q.txt"}}, {"model": "core.pageresource", "pk": "a37064df-1f83-4183-95ea-0f517be22a85", "fields": {"page": "48fc8594-80e1-409d-b0f3-4a5ca0fa5a1c", "type": "image", "source": "hand", "resource": "0004.png"}}, {"model": "core.pageresource", "pk": "e7699260-388c-4be4-870d-cbcff174afcc", "fields": {"page": "f6208a1e-c974-4c95-869b-c97052933164", "type": "text", "source": "hand", "resource": "roll_56_NYRIJyS.txt"}}, {"model": "core.pageresource", "pk": "e920f3e5-6919-4918-a809-968edce9b8b5", "fields": {"page": "3ed7f292-fe1c-44b4-94dc-328dbf9ec708", "type": "image", "source": "hand", "resource": "0008_In8D6sY.png"}}, {"model": "core.translator", "pk": "40d84a50-8588-4b80-b920-92d3825be390", "fields": {"name": "\u9e20\u6469\u7f57\u4ec0\u4e09\u85cf\u6cd5\u5e08", "type": "TS", "remark": ""}}, {"model": "core.translator", "pk": "ae3e5db2-8766-49cc-aecf-175444dfa256", "fields": {"name": "\u7384\u5958", "type": "TS", "remark": ""}}, {"model": "core.normname", "pk": "4f67dc6b-0a36-4f6a-ba4b-98fbabce8e67", "fields": {"name": "\u4e7e\u9686\u85cf", "type": "series", "remark": ""}}, {"model": "core.normname", "pk": "73adc9fd-16a1-446e-ab03-e01f7ae2ff7d", "fields": {"name": "\u59da\u79e6", "type": "dynasty", "remark": ""}}, {"model": "core.normname", "pk": "8b13f40a-0af9-461f-bc27-3879c167704e", "fields": {"name": "\u5fc3\u7ecf", "type": "sutra", "remark": ""}}, {"model": "core.normname", "pk": "96261ef1-aec0-43ba-9d15-24238d2581ab", "fields": {"name": "\u9e20\u6469\u7f57\u4ec0", "type": "trans", "remark": ""}}, {"model": "core.normnamemap", "pk": "44cc84d2-323c-414d-8ab7-6750e5c2a393", "fields": {"type": "series", "name": "\u4e7e\u9686\u5927\u85cf\u7ecf", "norm_name": "4f67dc6b-0a36-4f6a-ba4b-98fbabce8e67", "remark": ""}}, {"model": "core.normnamemap", "pk": "835927ff-cda3-4d8e-8493-90ea4ed6acf2", "fields": {"type": "trans", "name": "\u9e20\u6469\u7f57\u4ec0\u4e09\u85cf", "norm_name": "96261ef1-aec0-43ba-9d15-24238d2581ab", "remark": ""}}, {"model": "core.normnamemap", "pk": "8bfad895-16f6-4713-9c53-001729cadf1d", "fields": {"type": "dynasty", "name": "\u540e\u79e6", "norm_name": "73adc9fd-16a1-446e-ab03-e01f7ae2ff7d", "remark": ""}}, {"model": "core.normnamemap", "pk": "b91a755e-857a-46eb-8f83-ab70461026bf", "fields": {"type": "trans", "name": "\u7f57\u4ec0", "norm_name": "96261ef1-aec0-43ba-9d15-24238d2581ab", "remark": ""}}, {"model": "core.normnamemap", "pk": "e7f5d850-c99a-412e-a758-aaa6004cddcb", "fields": {"type": "sutra", "name": "\u822c\u82e5\u591a\u7f57\u5bc6\u5fc3\u7ecf", "norm_name": "8b13f40a-0af9-461f-bc27-3879c167704e", "remark": ""}}, {"model": "core.normnamemap", "pk": "fb4bbf15-6f1a-4ffe-bfaf-fc808c4b9015", "fields": {"type": "dynasty", "name": "\u5148\u79e6", "norm_name": "73adc9fd-16a1-446e-ab03-e01f7ae2ff7d", "remark": ""}}, {"model": "auth.permission", "pk": 1, "fields": {"name": "Can add log entry", "content_type": 1, "codename": "add_logentry"}}, {"model": "auth.permission", "pk": 2, "fields": {"name": "Can change log entry", "content_type": 1, "codename": "change_logentry"}}, {"model": "auth.permission", "pk": 3, "fields": {"name": "Can delete log entry", "content_type": 1, "codename": "delete_logentry"}}, {"model": "auth.permission", "pk": 4, "fields": {"name": "Can view log entry", "content_type": 1, "codename": "view_logentry"}}, {"model": "auth.permission", "pk": 5, "fields": {"name": "Can add group", "content_type": 2, "codename": "add_group"}}, {"model": "auth.permission", "pk": 6, "fields": {"name": "Can change group", "content_type": 2, "codename": "change_group"}}, {"model": "auth.permission", "pk": 7, "fields": {"name": "Can delete group", "content_type": 2, "codename": "delete_group"}}, {"model": "auth.permission", "pk": 8, "fields": {"name": "Can add permission", "content_type": 3, "codename": "add_permission"}}, {"model": "auth.permission", "pk": 9, "fields": {"name": "Can change permission", "content_type": 3, "codename": "change_permission"}}, {"model": "auth.permission", "pk": 10, "fields": {"name": "Can delete permission", "content_type": 3, "codename": "delete_permission"}}, {"model": "auth.permission", "pk": 11, "fields": {"name": "Can add user", "content_type": 4, "codename": "add_user"}}, {"model": "auth.permission", "pk": 12, "fields": {"name": "Can change user", "content_type": 4, "codename": "change_user"}}, {"model": "auth.permission", "pk": 13, "fields": {"name": "Can delete user", "content_type": 4, "codename": "delete_user"}}, {"model": "auth.permission", "pk": 14, "fields": {"name": "Can view group", "content_type": 2, "codename": "view_group"}}, {"model": "auth.permission", "pk": 15, "fields": {"name": "Can view permission", "content_type": 3, "codename": "view_permission"}}, {"model": "auth.permission", "pk": 16, "fields": {"name": "Can view user", "content_type": 4, "codename": "view_user"}}, {"model": "auth.permission", "pk": 17, "fields": {"name": "Can add content type", "content_type": 5, "codename": "add_contenttype"}}, {"model": "auth.permission", "pk": 18, "fields": {"name": "Can change content type", "content_type": 5, "codename": "change_contenttype"}}, {"model": "auth.permission", "pk": 19, "fields": {"name": "Can delete content type", "content_type": 5, "codename": "delete_contenttype"}}, {"model": "auth.permission", "pk": 20, "fields": {"name": "Can view content type", "content_type": 5, "codename": "view_contenttype"}}, {"model": "auth.permission", "pk": 21, "fields": {"name": "Can add session", "content_type": 6, "codename": "add_session"}}, {"model": "auth.permission", "pk": 22, "fields": {"name": "Can change session", "content_type": 6, "codename": "change_session"}}, {"model": "auth.permission", "pk": 23, "fields": {"name": "Can delete session", "content_type": 6, "codename": "delete_session"}}, {"model": "auth.permission", "pk": 24, "fields": {"name": "Can view session", "content_type": 6, "codename": "view_session"}}, {"model": "auth.permission", "pk": 25, "fields": {"name": "Can add log entry", "content_type": 7, "codename": "add_log"}}, {"model": "auth.permission", "pk": 26, "fields": {"name": "Can change log entry", "content_type": 7, "codename": "change_log"}}, {"model": "auth.permission", "pk": 27, "fields": {"name": "Can delete log entry", "content_type": 7, "codename": "delete_log"}}, {"model": "auth.permission", "pk": 28, "fields": {"name": "Can add User Setting", "content_type": 8, "codename": "add_usersettings"}}, {"model": "auth.permission", "pk": 29, "fields": {"name": "Can change User Setting", "content_type": 8, "codename": "change_usersettings"}}, {"model": "auth.permission", "pk": 30, "fields": {"name": "Can delete User Setting", "content_type": 8, "codename": "delete_usersettings"}}, {"model": "auth.permission", "pk": 31, "fields": {"name": "Can add Bookmark", "content_type": 9, "codename": "add_bookmark"}}, {"model": "auth.permission", "pk": 32, "fields": {"name": "Can change Bookmark", "content_type": 9, "codename": "change_bookmark"}}, {"model": "auth.permission", "pk": 33, "fields": {"name": "Can delete Bookmark", "content_type": 9, "codename": "delete_bookmark"}}, {"model": "auth.permission", "pk": 34, "fields": {"name": "Can add User Widget", "content_type": 10, "codename": "add_userwidget"}}, {"model": "auth.permission", "pk": 35, "fields": {"name": "Can change User Widget", "content_type": 10, "codename": "change_userwidget"}}, {"model": "auth.permission", "pk": 36, "fields": {"name": "Can delete User Widget", "content_type": 10, "codename": "delete_userwidget"}}, {"model": "auth.permission", "pk": 37, "fields": {"name": "Can view log entry", "content_type": 7, "codename": "view_log"}}, {"model": "auth.permission", "pk": 38, "fields": {"name": "Can view User Setting", "content_type": 8, "codename": "view_usersettings"}}, {"model": "auth.permission", "pk": 39, "fields": {"name": "Can view Bookmark", "content_type": 9, "codename": "view_bookmark"}}, {"model": "auth.permission", "pk": 40, "fields": {"name": "Can view User Widget", "content_type": 10, "codename": "view_userwidget"}}, {"model": "auth.permission", "pk": 41, "fields": {"name": "Can add version", "content_type": 11, "codename": "add_version"}}, {"model": "auth.permission", "pk": 42, "fields": {"name": "Can change version", "content_type": 11, "codename": "change_version"}}, {"model": "auth.permission", "pk": 43, "fields": {"name": "Can delete version", "content_type": 11, "codename": "delete_version"}}, {"model": "auth.permission", "pk": 44, "fields": {"name": "Can add revision", "content_type": 12, "codename": "add_revision"}}, {"model": "auth.permission", "pk": 45, "fields": {"name": "Can change revision", "content_type": 12, "codename": "change_revision"}}, {"model": "auth.permission", "pk": 46, "fields": {"name": "Can delete revision", "content_type": 12, "codename": "delete_revision"}}, {"model": "auth.permission", "pk": 47, "fields": {"name": "Can view version", "content_type": 11, "codename": "view_version"}}, {"model": "auth.permission", "pk": 48, "fields": {"name": "Can view revision", "content_type": 12, "codename": "view_revision"}}, {"model": "auth.permission", "pk": 49, "fields": {"name": "Can add \u85cf\u7ecf\u7248\u672c", "content_type": 13, "codename": "add_series"}}, {"model": "auth.permission", "pk": 50, "fields": {"name": "Can change \u85cf\u7ecf\u7248\u672c", "content_type": 13, "codename": "change_series"}}, {"model": "auth.permission", "pk": 51, "fields": {"name": "Can delete \u85cf\u7ecf\u7248\u672c", "content_type": 13, "codename": "delete_series"}}, {"model": "auth.permission", "pk": 52, "fields": {"name": "Can add \u5377", "content_type": 14, "codename": "add_roll"}}, {"model": "auth.permission", "pk": 53, "fields": {"name": "Can change \u5377", "content_type": 14, "codename": "change_roll"}}, {"model": "auth.permission", "pk": 54, "fields": {"name": "Can delete \u5377", "content_type": 14, "codename": "delete_roll"}}, {"model": "auth.permission", "pk": 55, "fields": {"name": "Can add \u9875", "content_type": 15, "codename": "add_page"}}, {"model": "auth.permission", "pk": 56, "fields": {"name": "Can change \u9875", "content_type": 15, "codename": "change_page"}}, {"model": "auth.permission", "pk": 57, "fields": {"name": "Can delete \u9875", "content_type": 15, "codename": "delete_page"}}, {"model": "auth.permission", "pk": 58, "fields": {"name": "Can add \u7ecf", "content_type": 16, "codename": "add_sutra"}}, {"model": "auth.permission", "pk": 59, "fields": {"name": "Can change \u7ecf", "content_type": 16, "codename": "change_sutra"}}, {"model": "auth.permission", "pk": 60, "fields": {"name": "Can delete \u7ecf", "content_type": 16, "codename": "delete_sutra"}}, {"model": "auth.permission", "pk": 61, "fields": {"name": "Can add \u9875\u8d44\u6e90", "content_type": 17, "codename": "add_pageresource"}}, {"model": "auth.permission", "pk": 62, "fields": {"name": "Can change \u9875\u8d44\u6e90", "content_type": 17, "codename": "change_pageresource"}}, {"model": "auth.permission", "pk": 63, "fields": {"name": "Can delete \u9875\u8d44\u6e90", "content_type": 17, "codename": "delete_pageresource"}}, {"model": "auth.permission", "pk": 64, "fields": {"name": "Can add \u4f5c\u8bd1\u8005", "content_type": 18, "codename": "add_translator"}}, {"model": "auth.permission", "pk": 65, "fields": {"name": "Can change \u4f5c\u8bd1\u8005", "content_type": 18, "codename": "change_translator"}}, {"model": "auth.permission", "pk": 66, "fields": {"name": "Can delete \u4f5c\u8bd1\u8005", "content_type": 18, "codename": "delete_translator"}}, {"model": "auth.permission", "pk": 67, "fields": {"name": "Can add \u518c", "content_type": 19, "codename": "add_volume"}}, {"model": "auth.permission", "pk": 68, "fields": {"name": "Can change \u518c", "content_type": 19, "codename": "change_volume"}}, {"model": "auth.permission", "pk": 69, "fields": {"name": "Can delete \u518c", "content_type": 19, "codename": "delete_volume"}}, {"model": "auth.permission", "pk": 70, "fields": {"name": "Can add \u8bbf\u95ee\u8bb0\u5f55", "content_type": 20, "codename": "add_accessrecord"}}, {"model": "auth.permission", "pk": 71, "fields": {"name": "Can change \u8bbf\u95ee\u8bb0\u5f55", "content_type": 20, "codename": "change_accessrecord"}}, {"model": "auth.permission", "pk": 72, "fields": {"name": "Can delete \u8bbf\u95ee\u8bb0\u5f55", "content_type": 20, "codename": "delete_accessrecord"}}, {"model": "auth.permission", "pk": 73, "fields": {"name": "Can view \u85cf\u7ecf\u7248\u672c", "content_type": 13, "codename": "view_series"}}, {"model": "auth.permission", "pk": 74, "fields": {"name": "Can view \u5377", "content_type": 14, "codename": "view_roll"}}, {"model": "auth.permission", "pk": 75, "fields": {"name": "Can view \u9875", "content_type": 15, "codename": "view_page"}}, {"model": "auth.permission", "pk": 76, "fields": {"name": "Can view \u7ecf", "content_type": 16, "codename": "view_sutra"}}, {"model": "auth.permission", "pk": 77, "fields": {"name": "Can view \u9875\u8d44\u6e90", "content_type": 17, "codename": "view_pageresource"}}, {"model": "auth.permission", "pk": 78, "fields": {"name": "Can view \u4f5c\u8bd1\u8005", "content_type": 18, "codename": "view_translator"}}, {"model": "auth.permission", "pk": 79, "fields": {"name": "Can view \u518c", "content_type": 19, "codename": "view_volume"}}, {"model": "auth.permission", "pk": 80, "fields": {"name": "Can view \u8bbf\u95ee\u8bb0\u5f55", "content_type": 20, "codename": "view_accessrecord"}}, {"model": "auth.permission", "pk": 81, "fields": {"name": "Can add \u6807\u51c6\u540d\u5173\u8054", "content_type": 21, "codename": "add_normnamemap"}}, {"model": "auth.permission", "pk": 82, "fields": {"name": "Can change \u6807\u51c6\u540d\u5173\u8054", "content_type": 21, "codename": "change_normnamemap"}}, {"model": "auth.permission", "pk": 83, "fields": {"name": "Can delete \u6807\u51c6\u540d\u5173\u8054", "content_type": 21, "codename": "delete_normnamemap"}}, {"model": "auth.permission", "pk": 84, "fields": {"name": "Can add \u6807\u51c6\u540d", "content_type": 22, "codename": "add_normname"}}, {"model": "auth.permission", "pk": 85, "fields": {"name": "Can change \u6807\u51c6\u540d", "content_type": 22, "codename": "change_normname"}}, {"model": "auth.permission", "pk": 86, "fields": {"name": "Can delete \u6807\u51c6\u540d", "content_type": 22, "codename": "delete_normname"}}, {"model": "auth.permission", "pk": 87, "fields": {"name": "Can view \u6807\u51c6\u540d\u5173\u8054", "content_type": 21, "codename": "view_normnamemap"}}, {"model": "auth.permission", "pk": 88, "fields": {"name": "Can view \u6807\u51c6\u540d", "content_type": 22, "codename": "view_normname"}}, {"model": "auth.user", "pk": 1, "fields": {"password": "pbkdf2_sha256$36000$ZAiJEICgysOU$GCCFIBFUVTSZ4qplVSZnmyXSaFFMdEtHyCwmWjviPZ0=", "last_login": "2017-07-01T15:16:54.491Z", "is_superuser": true, "username": "admin", "first_name": "", "last_name": "", "email": "admin@126.com", "is_staff": true, "is_active": true, "date_joined": "2017-06-16T14:27:40.090Z", "groups": [], "user_permissions": []}}, {"model": "auth.user", "pk": 2, "fields": {"password": "pbkdf2_sha256$36000$ZW5GP50MrJiJ$0od2rNAnRtNWTembuviSOdx4Fq3nGLDWNl+ytBYutyw=", "last_login": null, "is_superuser": false, "username": "huimin", "first_name": "", "last_name": "", "email": "", "is_staff": false, "is_active": true, "date_joined": "2017-06-18T07:27:46.695Z", "groups": [], "user_permissions": []}}, {"model": "auth.user", "pk": 3, "fields": {"password": "pbkdf2_sha256$36000$iyNdCOz77EXj$5BfQaxHrsccZqxe0+h2wjcb1xK9vJUJeX9LsJHXO5/k=", "last_login": "2017-06-23T15:12:29.158Z", "is_superuser": true, "username": "zhaopan", "first_name": "", "last_name": "", "email": "zhaopan@126.com", "is_staff": true, "is_active": true, "date_joined": "2017-06-23T06:26:01.884Z", "groups": [], "user_permissions": []}}, {"model": "xadmin.usersettings", "pk": 1, "fields": {"user": 1, "key": "dashboard:home:pos", "value": "1,2,3|4,5"}}, {"model": "xadmin.usersettings", "pk": 2, "fields": {"user": 1, "key": "core_page_editform_portal", "value": "box-0,page_resources-group,,,"}}, {"model": "xadmin.usersettings", "pk": 3, "fields": {"user": 1, "key": "site-theme", "value": "/static/xadmin/css/themes/bootstrap-theme.css"}}, {"model": "xadmin.usersettings", "pk": 4, "fields": {"user": 3, "key": "dashboard:home:pos", "value": "6,7,8|9,10"}}, {"model": "xadmin.userwidget", "pk": 1, "fields": {"user": 1, "page_id": "home", "widget_type": "html", "value": "{\"title\": \"\u5927\u85cf\u7ecf\", \"type\": \"html\", \"content\": \"<h3> \u6b22\u8fce\u6765\u5230\u9f99\u6cc9\u5927\u85cf\u7ecf\u7ba1\u7406\u5e73\u53f0 </h3><p>\u9879\u76ee\u5730\u5740: https://github.com/kangqiao/lqtripitaka<br/>QQ: 279197764</p>\"}"}}, {"model": "xadmin.userwidget", "pk": 2, "fields": {"user": 1, "page_id": "home", "widget_type": "list", "value": "{\"params\": {\"o\": \"-name\"}, \"type\": \"list\", \"model\": \"core.Series\"}"}}, {"model": "xadmin.userwidget", "pk": 3, "fields": {"user": 1, "page_id": "home", "widget_type": "chart", "value": "{\"params\": {\"p\": 1, \"_p_date__gte\": \"2013-01-08\", \"_p_date__lt\": \"2013-01-29\"}, \"type\": \"chart\", \"model\": \"core.accessrecord\", \"chart\": \"user_count\"}"}}, {"model": "xadmin.userwidget", "pk": 4, "fields": {"user": 1, "page_id": "home", "widget_type": "qbutton", "value": "{\"title\": \"Quick Start\", \"btns\": [{\"model\": \"core.series\"}, {\"model\": \"core.sutra\"}, {\"title\": \"Google\", \"url\": \"http://www.google.com\"}], \"type\": \"qbutton\"}"}}, {"model": "xadmin.userwidget", "pk": 5, "fields": {"user": 1, "page_id": "home", "widget_type": "list", "value": "{\"params\": {\"o\": \"-name\"}, \"type\": \"list\", \"model\": \"core.Sutra\"}"}}, {"model": "xadmin.userwidget", "pk": 6, "fields": {"user": 3, "page_id": "home", "widget_type": "html", "value": "{\"content\": \"<h3> \u6b22\u8fce\u6765\u5230\u9f99\u6cc9\u5927\u85cf\u7ecf\u7ba1\u7406\u5e73\u53f0 </h3><p>\u9879\u76ee\u5730\u5740: https://github.com/kangqiao/lqtripitaka<br/>QQ: 279197764</p>\", \"type\": \"html\", \"title\": \"\u5927\u85cf\u7ecf\"}"}}, {"model": "xadmin.userwidget", "pk": 7, "fields": {"user": 3, "page_id": "home", "widget_type": "list", "value": "{\"model\": \"core.Series\", \"params\": {\"o\": \"-code\"}, \"type\": \"list\"}"}}, {"model": "xadmin.userwidget", "pk": 8, "fields": {"user": 3, "page_id": "home", "widget_type": "chart", "value": "{\"model\": \"core.accessrecord\", \"params\": {\"_p_date__lt\": \"2017-06-16\", \"p\": 1, \"_p_date__gte\": \"2017-01-01\"}, \"chart\": \"user_count\", \"type\": \"chart\"}"}}, {"model": "xadmin.userwidget", "pk": 9, "fields": {"user": 3, "page_id": "home", "widget_type": "qbutton", "value": "{\"btns\": [{\"model\": \"core.series\"}, {\"model\": \"core.sutra\"}, {\"url\": \"http://www.google.com\", \"title\": \"Google\"}], \"type\": \"qbutton\", \"title\": \"Quick Start\"}"}}, {"model": "xadmin.userwidget", "pk": 10, "fields": {"user": 3, "page_id": "home", "widget_type": "list", "value": "{\"model\": \"core.Sutra\", \"params\": {\"o\": \"-code\"}, \"type\": \"list\"}"}}, {"model": "xadmin.log", "pk": 1, "fields": {"action_time": "2017-06-16T14:32:28.649Z", "user": 1, "ip_addr": "127.0.0.1", "content_type": 13, "object_id": "5eb40a40-2efc-4b14-814e-9bf57f8247bd", "object_repr": "\u4e7e\u9686\u85cf", "action_flag": "create", "message": "\u5df2\u6dfb\u52a0\u3002"}}, {"model": "xadmin.log", "pk": 2, "fields": {"action_time": "2017-06-16T14:32:51.768Z", "user": 1, "ip_addr": "127.0.0.1", "content_type": 13, "object_id": "bd36edf5-cc6d-4962-9198-a44d43f4f916", "object_repr": "\u6c38\u4e50\u5317\u85cf", "action_flag": "create", "message": "\u5df2\u6dfb\u52a0\u3002"}}, {"model": "xadmin.log", "pk": 3, "fields": {"action_time": "2017-06-16T14:36:28.366Z", "user": 1, "ip_addr": "127.0.0.1", "content_type": 13, "object_id": "5f689d56-d36f-47fc-86af-e876a49bcfcb", "object_repr": "\u83e9\u63d0\u9053\u6b21\u7b2c\u7565\u8bba", "action_flag": "create", "message": "\u5df2\u6dfb\u52a0\u3002"}}, {"model": "xadmin.log", "pk": 4, "fields": {"action_time": "2017-06-16T14:36:45.077Z", "user": 1, "ip_addr": "127.0.0.1", "content_type": 13, "object_id": "bd36edf5-cc6d-4962-9198-a44d43f4f916", "object_repr": "\u6c38\u4e50\u5317\u85cf", "action_flag": "change", "message": "\u4fee\u6539 dynasty"}}, {"model": "xadmin.log", "pk": 5, "fields": {"action_time": "2017-06-16T14:37:01.998Z", "user": 1, "ip_addr": "127.0.0.1", "content_type": 13, "object_id": "5eb40a40-2efc-4b14-814e-9bf57f8247bd", "object_repr": "\u4e7e\u9686\u85cf", "action_flag": "change", "message": "\u4fee\u6539 sutra_count"}}, {"model": "xadmin.log", "pk": 6, "fields": {"action_time": "2017-06-16T14:38:22.193Z", "user": 1, "ip_addr": "127.0.0.1", "content_type": 19, "object_id": "730a0d61-acf5-487a-96bf-c4c30681f61e", "object_repr": "QLZ", "action_flag": "create", "message": "\u5df2\u6dfb\u52a0\u3002"}}, {"model": "xadmin.log", "pk": 7, "fields": {"action_time": "2017-06-16T14:38:56.512Z", "user": 1, "ip_addr": "127.0.0.1", "content_type": 19, "object_id": "24de952e-bd83-4ad8-8758-99af6262fcdb", "object_repr": "\u7b2c\u4e8c\u518c", "action_flag": "create", "message": "\u5df2\u6dfb\u52a0\u3002"}}, {"model": "xadmin.log", "pk": 8, "fields": {"action_time": "2017-06-16T14:39:11.141Z", "user": 1, "ip_addr": "127.0.0.1", "content_type": 19, "object_id": "730a0d61-acf5-487a-96bf-c4c30681f61e", "object_repr": "\u7b2c\u4e00\u518c", "action_flag": "change", "message": "\u4fee\u6539 name"}}, {"model": "xadmin.log", "pk": 9, "fields": {"action_time": "2017-06-16T14:39:38.439Z", "user": 1, "ip_addr": "127.0.0.1", "content_type": 19, "object_id": "efbf3a8b-288a-4f38-85bb-9dce125ff987", "object_repr": "\u7b2c\u4e09\u518c", "action_flag": "create", "message": "\u5df2\u6dfb\u52a0\u3002"}}, {"model": "xadmin.log", "pk": 10, "fields": {"action_time": "2017-06-16T14:40:33.676Z", "user": 1, "ip_addr": "127.0.0.1", "content_type": 18, "object_id": "ae3e5db2-8766-49cc-aecf-175444dfa256", "object_repr": "\u7384\u5958", "action_flag": "create", "message": "\u5df2\u6dfb\u52a0\u3002"}}, {"model": "xadmin.log", "pk": 11, "fields": {"action_time": "2017-06-16T14:43:19.128Z", "user": 1, "ip_addr": "127.0.0.1", "content_type": 16, "object_id": "8397958f-d07d-418e-b985-f3883c79174f", "object_repr": "\u5927\u822c\u82e5\u6ce2\u7f57\u871c\u591a\u7ecf", "action_flag": "create", "message": "\u5df2\u6dfb\u52a0\u3002"}}, {"model": "xadmin.log", "pk": 12, "fields": {"action_time": "2017-06-16T14:43:59.024Z", "user": 1, "ip_addr": "127.0.0.1", "content_type": 16, "object_id": "1ebd870a-9573-4d26-9248-1640c06cc881", "object_repr": "\u653e\u5149\u822c\u82e5\u6ce2\u7f57\u871c\u7ecf", "action_flag": "create", "message": "\u5df2\u6dfb\u52a0\u3002"}}, {"model": "xadmin.log", "pk": 13, "fields": {"action_time": "2017-06-16T14:45:11.792Z", "user": 1, "ip_addr": "127.0.0.1", "content_type": 16, "object_id": "1ebd870a-9573-4d26-9248-1640c06cc881", "object_repr": "\u653e\u5149\u822c\u82e5\u6ce2\u7f57\u871c\u7ecf", "action_flag": "change", "message": "\u4fee\u6539 roll_count"}}, {"model": "xadmin.log", "pk": 14, "fields": {"action_time": "2017-06-16T14:46:31.742Z", "user": 1, "ip_addr": "127.0.0.1", "content_type": 18, "object_id": "40d84a50-8588-4b80-b920-92d3825be390", "object_repr": "\u9e20\u6469\u7f57\u4ec0\u4e09\u85cf\u6cd5\u5e08", "action_flag": "create", "message": "\u5df2\u6dfb\u52a0\u3002"}}, {"model": "xadmin.log", "pk": 15, "fields": {"action_time": "2017-06-16T14:51:53.515Z", "user": 1, "ip_addr": "127.0.0.1", "content_type": 16, "object_id": "f707b49d-d2c5-4c43-b776-cf5105ee03a9", "object_repr": "\u51fa\u4e09\u85cf\u8bb0\u96c6", "action_flag": "create", "message": "\u5df2\u6dfb\u52a0\u3002"}}, {"model": "xadmin.log", "pk": 16, "fields": {"action_time": "2017-06-16T14:54:12.973Z", "user": 1, "ip_addr": "127.0.0.1", "content_type": 16, "object_id": "af920878-0f63-49db-a6df-680fe49fdddf", "object_repr": "\u4e2d\u8bba", "action_flag": "create", "message": "\u5df2\u6dfb\u52a0\u3002"}}, {"model": "xadmin.log", "pk": 17, "fields": {"action_time": "2017-06-16T14:55:24.751Z", "user": 1, "ip_addr": "127.0.0.1", "content_type": 16, "object_id": "be7da083-1ea2-4537-bd65-ae1795aafc62", "object_repr": "\u5341\u4e8c\u95e8\u8bba", "action_flag": "create", "message": "\u5df2\u6dfb\u52a0\u3002"}}, {"model": "xadmin.log", "pk": 18, "fields": {"action_time": "2017-06-16T14:56:48.521Z", "user": 1, "ip_addr": "127.0.0.1", "content_type": 16, "object_id": "96ba6ab4-5d08-48e0-8a0a-4a5f885560f9", "object_repr": "\u5341\u8bf5\u5f8b", "action_flag": "create", "message": "\u5df2\u6dfb\u52a0\u3002"}}, {"model": "xadmin.log", "pk": 19, "fields": {"action_time": "2017-06-16T14:57:38.376Z", "user": 1, "ip_addr": "127.0.0.1", "content_type": 16, "object_id": "2618d1ce-0009-44d1-bb91-cd431bca3082", "object_repr": "\u6cd5\u534e\u7ecf", "action_flag": "create", "message": "\u5df2\u6dfb\u52a0\u3002"}}, {"model": "xadmin.log", "pk": 20, "fields": {"action_time": "2017-06-16T15:01:35.757Z", "user": 1, "ip_addr": "127.0.0.1", "content_type": 14, "object_id": "c8b7a0e6-84e6-47a1-9d39-969d8deffa33", "object_repr": "\u7b2c\u4e00\u5377", "action_flag": "create", "message": "\u5df2\u6dfb\u52a0\u3002"}}, {"model": "xadmin.log", "pk": 21, "fields": {"action_time": "2017-06-16T15:02:25.229Z", "user": 1, "ip_addr": "127.0.0.1", "content_type": 14, "object_id": "9a8dbd70-e855-486b-94c3-584d39c93b81", "object_repr": "\u7b2c\u4e8c\u5377", "action_flag": "create", "message": "\u5df2\u6dfb\u52a0\u3002"}}, {"model": "xadmin.log", "pk": 22, "fields": {"action_time": "2017-06-16T15:03:55.662Z", "user": 1, "ip_addr": "127.0.0.1", "content_type": 14, "object_id": "1199a635-b025-4778-b06e-3d0d6d4426de", "object_repr": "\u7b2c\u4e09\u5377", "action_flag": "create", "message": "\u5df2\u6dfb\u52a0\u3002"}}, {"model": "xadmin.log", "pk": 23, "fields": {"action_time": "2017-06-16T15:04:30.538Z", "user": 1, "ip_addr": "127.0.0.1", "content_type": 14, "object_id": "872505bb-0242-4ab3-b6e0-4aeff961a0f2", "object_repr": "\u7b2c\u56db\u5377", "action_flag": "create", "message": "\u5df2\u6dfb\u52a0\u3002"}}, {"model": "xadmin.log", "pk": 24, "fields": {"action_time": "2017-06-16T15:05:24.114Z", "user": 1, "ip_addr": "127.0.0.1", "content_type": 14, "object_id": "9f3e6e8f-ce63-47db-8b35-1f93583c2f2c", "object_repr": "\u7b2c\u4e94\u5377", "action_flag": "create", "message": "\u5df2\u6dfb\u52a0\u3002"}}, {"model": "xadmin.log", "pk": 25, "fields": {"action_time": "2017-06-16T15:06:07.819Z", "user": 1, "ip_addr": "127.0.0.1", "content_type": 14, "object_id": "872505bb-0242-4ab3-b6e0-4aeff961a0f2", "object_repr": "\u7b2c\u56db\u5377", "action_flag": "change", "message": "\u4fee\u6539 sutra"}}, {"model": "xadmin.log", "pk": 26, "fields": {"action_time": "2017-06-16T15:08:55.456Z", "user": 1, "ip_addr": "127.0.0.1", "content_type": 15, "object_id": "244e68f0-f903-4e17-82f7-b99a918afe0e", "object_repr": "1", "action_flag": "create", "message": "\u5df2\u6dfb\u52a0\u3002"}}, {"model": "xadmin.log", "pk": 27, "fields": {"action_time": "2017-06-16T15:09:19.105Z", "user": 1, "ip_addr": "127.0.0.1", "content_type": 15, "object_id": "48fc8594-80e1-409d-b0f3-4a5ca0fa5a1c", "object_repr": "2", "action_flag": "create", "message": "\u5df2\u6dfb\u52a0\u3002"}}, {"model": "xadmin.log", "pk": 28, "fields": {"action_time": "2017-06-16T15:09:46.804Z", "user": 1, "ip_addr": "127.0.0.1", "content_type": 15, "object_id": "914b3dae-1c3c-4d09-9c8c-7bc50911dbfd", "object_repr": "3", "action_flag": "create", "message": "\u5df2\u6dfb\u52a0\u3002"}}, {"model": "xadmin.log", "pk": 29, "fields": {"action_time": "2017-06-16T15:11:06.914Z", "user": 1, "ip_addr": "127.0.0.1", "content_type": 15, "object_id": "f6208a1e-c974-4c95-869b-c97052933164", "object_repr": "4", "action_flag": "create", "message": "\u5df2\u6dfb\u52a0\u3002"}}, {"model": "xadmin.log", "pk": 30, "fields": {"action_time": "2017-06-16T15:11:26.078Z", "user": 1, "ip_addr": "127.0.0.1", "content_type": 15, "object_id": "29b4144a-946d-4838-a910-e06c367929a4", "object_repr": "5", "action_flag": "create", "message": "\u5df2\u6dfb\u52a0\u3002"}}, {"model": "xadmin.log", "pk": 31, "fields": {"action_time": "2017-06-16T15:11:46.400Z", "user": 1, "ip_addr": "127.0.0.1", "content_type": 15, "object_id": "0c5a541f-5e50-461a-8219-481853c6921f", "object_repr": "6", "action_flag": "create", "message": "\u5df2\u6dfb\u52a0\u3002"}}, {"model": "xadmin.log", "pk": 32, "fields": {"action_time": "2017-06-16T15:12:17.541Z", "user": 1, "ip_addr": "127.0.0.1", "content_type": 15, "object_id": "3ed7f292-fe1c-44b4-94dc-328dbf9ec708", "object_repr": "1", "action_flag": "create", "message": "\u5df2\u6dfb\u52a0\u3002"}}, {"model": "xadmin.log", "pk": 33, "fields": {"action_time": "2017-06-16T15:12:40.727Z", "user": 1, "ip_addr": "127.0.0.1", "content_type": 15, "object_id": "6736e9dc-50c4-48b1-b7d9-28af16cb162e", "object_repr": "2", "action_flag": "create", "message": "\u5df2\u6dfb\u52a0\u3002"}}, {"model": "xadmin.log", "pk": 34, "fields": {"action_time": "2017-06-16T15:13:21.761Z", "user": 1, "ip_addr": "127.0.0.1", "content_type": 15, "object_id": "12383b77-8df2-4377-b9dc-2de5183d92e3", "object_repr": "3", "action_flag": "create", "message": "\u5df2\u6dfb\u52a0\u3002"}}, {"model": "xadmin.log", "pk": 35, "fields": {"action_time": "2017-06-16T15:13:38.413Z", "user": 1, "ip_addr": "127.0.0.1", "content_type": 15, "object_id": "99437625-4439-4bd0-8dbe-d41829588ddf", "object_repr": "4", "action_flag": "create", "message": "\u5df2\u6dfb\u52a0\u3002"}}, {"model": "xadmin.log", "pk": 36, "fields": {"action_time": "2017-06-16T15:19:19.857Z", "user": 1, "ip_addr": "127.0.0.1", "content_type": 15, "object_id": "244e68f0-f903-4e17-82f7-b99a918afe0e", "object_repr": "1", "action_flag": "change", "message": "\u6ca1\u6709\u5b57\u6bb5\u88ab\u4fee\u6539\u3002"}}, {"model": "xadmin.log", "pk": 37, "fields": {"action_time": "2017-06-16T15:20:10.279Z", "user": 1, "ip_addr": "127.0.0.1", "content_type": 15, "object_id": "3ed7f292-fe1c-44b4-94dc-328dbf9ec708", "object_repr": "1", "action_flag": "change", "message": "\u6ca1\u6709\u5b57\u6bb5\u88ab\u4fee\u6539\u3002"}}, {"model": "xadmin.log", "pk": 38, "fields": {"action_time": "2017-06-16T15:20:43.974Z", "user": 1, "ip_addr": "127.0.0.1", "content_type": 15, "object_id": "3ed7f292-fe1c-44b4-94dc-328dbf9ec708", "object_repr": "1", "action_flag": "change", "message": "\u6ca1\u6709\u5b57\u6bb5\u88ab\u4fee\u6539\u3002"}}, {"model": "xadmin.log", "pk": 39, "fields": {"action_time": "2017-06-16T15:42:18.569Z", "user": 1, "ip_addr": "127.0.0.1", "content_type": 15, "object_id": "3ed7f292-fe1c-44b4-94dc-328dbf9ec708", "object_repr": "1", "action_flag": "change", "message": "\u6ca1\u6709\u5b57\u6bb5\u88ab\u4fee\u6539\u3002"}}, {"model": "xadmin.log", "pk": 40, "fields": {"action_time": "2017-06-16T15:46:26.078Z", "user": 1, "ip_addr": "127.0.0.1", "content_type": 15, "object_id": "244e68f0-f903-4e17-82f7-b99a918afe0e", "object_repr": "1", "action_flag": "change", "message": "\u6ca1\u6709\u5b57\u6bb5\u88ab\u4fee\u6539\u3002"}}, {"model": "xadmin.log", "pk": 41, "fields": {"action_time": "2017-06-16T15:48:41.061Z", "user": 1, "ip_addr": "127.0.0.1", "content_type": 15, "object_id": "244e68f0-f903-4e17-82f7-b99a918afe0e", "object_repr": "1", "action_flag": "change", "message": "\u6ca1\u6709\u5b57\u6bb5\u88ab\u4fee\u6539\u3002"}}, {"model": "xadmin.log", "pk": 42, "fields": {"action_time": "2017-06-16T15:50:44.804Z", "user": 1, "ip_addr": "127.0.0.1", "content_type": 15, "object_id": "3ed7f292-fe1c-44b4-94dc-328dbf9ec708", "object_repr": "1", "action_flag": "change", "message": "\u6ca1\u6709\u5b57\u6bb5\u88ab\u4fee\u6539\u3002"}}, {"model": "xadmin.log", "pk": 43, "fields": {"action_time": "2017-06-16T16:28:21.526Z", "user": 1, "ip_addr": "127.0.0.1", "content_type": 15, "object_id": "6736e9dc-50c4-48b1-b7d9-28af16cb162e", "object_repr": "2", "action_flag": "change", "message": "\u6ca1\u6709\u5b57\u6bb5\u88ab\u4fee\u6539\u3002"}}, {"model": "xadmin.log", "pk": 44, "fields": {"action_time": "2017-06-16T16:28:57.322Z", "user": 1, "ip_addr": "127.0.0.1", "content_type": 15, "object_id": "3ed7f292-fe1c-44b4-94dc-328dbf9ec708", "object_repr": "1", "action_flag": "change", "message": "\u6ca1\u6709\u5b57\u6bb5\u88ab\u4fee\u6539\u3002"}}, {"model": "xadmin.log", "pk": 45, "fields": {"action_time": "2017-06-16T16:29:12.450Z", "user": 1, "ip_addr": "127.0.0.1", "content_type": 15, "object_id": "48fc8594-80e1-409d-b0f3-4a5ca0fa5a1c", "object_repr": "2", "action_flag": "change", "message": "\u6ca1\u6709\u5b57\u6bb5\u88ab\u4fee\u6539\u3002"}}, {"model": "xadmin.log", "pk": 46, "fields": {"action_time": "2017-06-16T16:29:24.792Z", "user": 1, "ip_addr": "127.0.0.1", "content_type": 15, "object_id": "914b3dae-1c3c-4d09-9c8c-7bc50911dbfd", "object_repr": "3", "action_flag": "change", "message": "\u6ca1\u6709\u5b57\u6bb5\u88ab\u4fee\u6539\u3002"}}, {"model": "xadmin.log", "pk": 47, "fields": {"action_time": "2017-06-16T16:30:20.044Z", "user": 1, "ip_addr": "127.0.0.1", "content_type": 15, "object_id": "f6208a1e-c974-4c95-869b-c97052933164", "object_repr": "4", "action_flag": "change", "message": "\u6ca1\u6709\u5b57\u6bb5\u88ab\u4fee\u6539\u3002"}}, {"model": "xadmin.log", "pk": 48, "fields": {"action_time": "2017-06-16T16:30:40.103Z", "user": 1, "ip_addr": "127.0.0.1", "content_type": 15, "object_id": "0c5a541f-5e50-461a-8219-481853c6921f", "object_repr": "6", "action_flag": "change", "message": "\u6ca1\u6709\u5b57\u6bb5\u88ab\u4fee\u6539\u3002"}}, {"model": "xadmin.log", "pk": 49, "fields": {"action_time": "2017-06-16T16:30:55.505Z", "user": 1, "ip_addr": "127.0.0.1", "content_type": 15, "object_id": "29b4144a-946d-4838-a910-e06c367929a4", "object_repr": "5", "action_flag": "change", "message": "\u6ca1\u6709\u5b57\u6bb5\u88ab\u4fee\u6539\u3002"}}, {"model": "xadmin.log", "pk": 50, "fields": {"action_time": "2017-06-16T16:31:10.099Z", "user": 1, "ip_addr": "127.0.0.1", "content_type": 15, "object_id": "f6208a1e-c974-4c95-869b-c97052933164", "object_repr": "4", "action_flag": "change", "message": "\u6ca1\u6709\u5b57\u6bb5\u88ab\u4fee\u6539\u3002"}}, {"model": "xadmin.log", "pk": 51, "fields": {"action_time": "2017-06-17T05:18:17.600Z", "user": 1, "ip_addr": "127.0.0.1", "content_type": 15, "object_id": "3ed7f292-fe1c-44b4-94dc-328dbf9ec708", "object_repr": "1", "action_flag": "change", "message": "\u6ca1\u6709\u5b57\u6bb5\u88ab\u4fee\u6539\u3002"}}, {"model": "xadmin.log", "pk": 52, "fields": {"action_time": "2017-06-17T09:08:10.520Z", "user": 1, "ip_addr": "127.0.0.1", "content_type": 15, "object_id": "3ed7f292-fe1c-44b4-94dc-328dbf9ec708", "object_repr": "1", "action_flag": "change", "message": "\u6ca1\u6709\u5b57\u6bb5\u88ab\u4fee\u6539\u3002"}}, {"model": "xadmin.log", "pk": 53, "fields": {"action_time": "2017-06-17T09:08:28.837Z", "user": 1, "ip_addr": "127.0.0.1", "content_type": 15, "object_id": "244e68f0-f903-4e17-82f7-b99a918afe0e", "object_repr": "1", "action_flag": "change", "message": "\u6ca1\u6709\u5b57\u6bb5\u88ab\u4fee\u6539\u3002"}}, {"model": "xadmin.log", "pk": 54, "fields": {"action_time": "2017-06-17T09:08:38.680Z", "user": 1, "ip_addr": "127.0.0.1", "content_type": 15, "object_id": "914b3dae-1c3c-4d09-9c8c-7bc50911dbfd", "object_repr": "3", "action_flag": "change", "message": "\u6ca1\u6709\u5b57\u6bb5\u88ab\u4fee\u6539\u3002"}}, {"model": "xadmin.log", "pk": 55, "fields": {"action_time": "2017-06-17T09:09:14.538Z", "user": 1, "ip_addr": "127.0.0.1", "content_type": 15, "object_id": "29b4144a-946d-4838-a910-e06c367929a4", "object_repr": "5", "action_flag": "change", "message": "\u6ca1\u6709\u5b57\u6bb5\u88ab\u4fee\u6539\u3002"}}, {"model": "xadmin.log", "pk": 56, "fields": {"action_time": "2017-06-17T09:09:21.411Z", "user": 1, "ip_addr": "127.0.0.1", "content_type": 15, "object_id": "29b4144a-946d-4838-a910-e06c367929a4", "object_repr": "5", "action_flag": "change", "message": "\u6ca1\u6709\u5b57\u6bb5\u88ab\u4fee\u6539\u3002"}}, {"model": "xadmin.log", "pk": 57, "fields": {"action_time": "2017-06-17T09:09:43.022Z", "user": 1, "ip_addr": "127.0.0.1", "content_type": 15, "object_id": "0c5a541f-5e50-461a-8219-481853c6921f", "object_repr": "6", "action_flag": "change", "message": "\u6ca1\u6709\u5b57\u6bb5\u88ab\u4fee\u6539\u3002"}}, {"model": "xadmin.log", "pk": 58, "fields": {"action_time": "2017-06-17T09:09:54.514Z", "user": 1, "ip_addr": "127.0.0.1", "content_type": 15, "object_id": "29b4144a-946d-4838-a910-e06c367929a4", "object_repr": "5", "action_flag": "change", "message": "\u6ca1\u6709\u5b57\u6bb5\u88ab\u4fee\u6539\u3002"}}, {"model": "xadmin.log", "pk": 59, "fields": {"action_time": "2017-06-17T09:10:05.686Z", "user": 1, "ip_addr": "127.0.0.1", "content_type": 15, "object_id": "99437625-4439-4bd0-8dbe-d41829588ddf", "object_repr": "4", "action_flag": "change", "message": "\u6ca1\u6709\u5b57\u6bb5\u88ab\u4fee\u6539\u3002"}}, {"model": "xadmin.log", "pk": 60, "fields": {"action_time": "2017-06-17T09:10:14.294Z", "user": 1, "ip_addr": "127.0.0.1", "content_type": 15, "object_id": "12383b77-8df2-4377-b9dc-2de5183d92e3", "object_repr": "3", "action_flag": "change", "message": "\u6ca1\u6709\u5b57\u6bb5\u88ab\u4fee\u6539\u3002"}}, {"model": "xadmin.log", "pk": 61, "fields": {"action_time": "2017-06-17T09:10:23.561Z", "user": 1, "ip_addr": "127.0.0.1", "content_type": 15, "object_id": "914b3dae-1c3c-4d09-9c8c-7bc50911dbfd", "object_repr": "3", "action_flag": "change", "message": "\u6ca1\u6709\u5b57\u6bb5\u88ab\u4fee\u6539\u3002"}}, {"model": "xadmin.log", "pk": 62, "fields": {"action_time": "2017-06-17T09:10:32.797Z", "user": 1, "ip_addr": "127.0.0.1", "content_type": 15, "object_id": "914b3dae-1c3c-4d09-9c8c-7bc50911dbfd", "object_repr": "3", "action_flag": "change", "message": "\u6ca1\u6709\u5b57\u6bb5\u88ab\u4fee\u6539\u3002"}}, {"model": "xadmin.log", "pk": 63, "fields": {"action_time": "2017-06-17T09:10:40.980Z", "user": 1, "ip_addr": "127.0.0.1", "content_type": 15, "object_id": "48fc8594-80e1-409d-b0f3-4a5ca0fa5a1c", "object_repr": "2", "action_flag": "change", "message": "\u6ca1\u6709\u5b57\u6bb5\u88ab\u4fee\u6539\u3002"}}, {"model": "xadmin.log", "pk": 64, "fields": {"action_time": "2017-06-17T09:10:47.522Z", "user": 1, "ip_addr": "127.0.0.1", "content_type": 15, "object_id": "6736e9dc-50c4-48b1-b7d9-28af16cb162e", "object_repr": "2", "action_flag": "change", "message": "\u6ca1\u6709\u5b57\u6bb5\u88ab\u4fee\u6539\u3002"}}, {"model": "xadmin.log", "pk": 65, "fields": {"action_time": "2017-06-17T09:11:30.970Z", "user": 1, "ip_addr": "127.0.0.1", "content_type": 15, "object_id": "f6208a1e-c974-4c95-869b-c97052933164", "object_repr": "4", "action_flag": "change", "message": "\u6ca1\u6709\u5b57\u6bb5\u88ab\u4fee\u6539\u3002"}}, {"model": "xadmin.log", "pk": 66, "fields": {"action_time": "2017-06-18T05:47:59.012Z", "user": 1, "ip_addr": "127.0.0.1", "content_type": 13, "object_id": "0494cfeb-4f0b-4123-8a67-e70e6237f5dc", "object_repr": "\u5f00\u5b9d\u85cf", "action_flag": "create", "message": "\u5df2\u6dfb\u52a0\u3002"}}, {"model": "xadmin.log", "pk": 67, "fields": {"action_time": "2017-06-18T05:50:07.818Z", "user": 1, "ip_addr": "127.0.0.1", "content_type": 19, "object_id": "a65c6214-8a40-47c7-abd1-4ce9bf6316bc", "object_repr": "\u7b2c\u4e00\u518c", "action_flag": "create", "message": "\u5df2\u6dfb\u52a0\u3002"}}, {"model": "xadmin.log", "pk": 68, "fields": {"action_time": "2017-06-18T05:50:55.718Z", "user": 1, "ip_addr": "127.0.0.1", "content_type": 19, "object_id": "fc367682-027f-477f-9e2e-9f65afb4b8ca", "object_repr": "\u7b2c\u4e8c\u518c", "action_flag": "create", "message": "\u5df2\u6dfb\u52a0\u3002"}}, {"model": "xadmin.log", "pk": 69, "fields": {"action_time": "2017-06-18T05:53:19.516Z", "user": 1, "ip_addr": "127.0.0.1", "content_type": 16, "object_id": "f3dc1c30-de1b-4692-973a-213c68f8b7f1", "object_repr": "\u5fc3\u7ecf", "action_flag": "create", "message": "\u5df2\u6dfb\u52a0\u3002"}}, {"model": "xadmin.log", "pk": 70, "fields": {"action_time": "2017-06-18T05:54:14.311Z", "user": 1, "ip_addr": "127.0.0.1", "content_type": 16, "object_id": "e0f7ed52-a037-4106-891c-92c2512e6cdf", "object_repr": "\u91d1\u521a\u7ecf", "action_flag": "create", "message": "\u5df2\u6dfb\u52a0\u3002"}}, {"model": "xadmin.log", "pk": 71, "fields": {"action_time": "2017-06-18T05:55:12.095Z", "user": 1, "ip_addr": "127.0.0.1", "content_type": 14, "object_id": "c212fe89-ebee-4d9b-8029-c1753cd79750", "object_repr": "\u7b2c\u4e00\u5377", "action_flag": "create", "message": "\u5df2\u6dfb\u52a0\u3002"}}, {"model": "xadmin.log", "pk": 72, "fields": {"action_time": "2017-06-18T05:56:50.807Z", "user": 1, "ip_addr": "127.0.0.1", "content_type": 15, "object_id": "a5d0977e-44fe-4e1a-b9c0-497b9d37707c", "object_repr": "1", "action_flag": "create", "message": "\u5df2\u6dfb\u52a0\u3002"}}, {"model": "xadmin.log", "pk": 73, "fields": {"action_time": "2017-06-18T07:24:52.927Z", "user": 1, "ip_addr": "127.0.0.1", "content_type": 16, "object_id": "6a37fdc4-3da0-4ffa-96c4-313881a7022d", "object_repr": "\u5706\u89c9\u7ecf", "action_flag": "create", "message": "\u5df2\u6dfb\u52a0\u3002"}}, {"model": "xadmin.log", "pk": 74, "fields": {"action_time": "2017-06-18T07:25:30.736Z", "user": 1, "ip_addr": "127.0.0.1", "content_type": 14, "object_id": "2f0dea37-6a30-4681-b9f3-1655dfeb64c5", "object_repr": "\u7b2c\u4e09\u5377", "action_flag": "create", "message": "\u5df2\u6dfb\u52a0\u3002"}}, {"model": "xadmin.log", "pk": 75, "fields": {"action_time": "2017-06-18T07:26:16.246Z", "user": 1, "ip_addr": "127.0.0.1", "content_type": 15, "object_id": "855c28a5-e3a8-4c23-8ccc-dc3d52c153ba", "object_repr": "1", "action_flag": "create", "message": "\u5df2\u6dfb\u52a0\u3002"}}, {"model": "xadmin.log", "pk": 76, "fields": {"action_time": "2017-06-18T07:27:46.834Z", "user": 1, "ip_addr": "127.0.0.1", "content_type": 4, "object_id": "2", "object_repr": "huimin", "action_flag": "create", "message": "\u5df2\u6dfb\u52a0\u3002"}}, {"model": "xadmin.log", "pk": 77, "fields": {"action_time": "2017-06-22T14:30:51.958Z", "user": 1, "ip_addr": "127.0.0.1", "content_type": 15, "object_id": "855c28a5-e3a8-4c23-8ccc-dc3d52c153ba", "object_repr": "1", "action_flag": "change", "message": "\u4fee\u6539 code"}}, {"model": "xadmin.log", "pk": 78, "fields": {"action_time": "2017-06-22T15:27:28.262Z", "user": 1, "ip_addr": "127.0.0.1", "content_type": 22, "object_id": "8b13f40a-0af9-461f-bc27-3879c167704e", "object_repr": "\u5fc3\u7ecf", "action_flag": "create", "message": "\u5df2\u6dfb\u52a0\u3002"}}, {"model": "xadmin.log", "pk": 79, "fields": {"action_time": "2017-06-22T15:28:28.194Z", "user": 1, "ip_addr": "127.0.0.1", "content_type": 21, "object_id": "e7f5d850-c99a-412e-a758-aaa6004cddcb", "object_repr": "\u822c\u82e5\u591a\u7f57\u5bc6\u5fc3\u7ecf", "action_flag": "create", "message": "\u5df2\u6dfb\u52a0\u3002"}}, {"model": "xadmin.log", "pk": 80, "fields": {"action_time": "2017-06-22T15:28:53.766Z", "user": 1, "ip_addr": "127.0.0.1", "content_type": 22, "object_id": "4f67dc6b-0a36-4f6a-ba4b-98fbabce8e67", "object_repr": "\u4e7e\u9686\u85cf", "action_flag": "create", "message": "\u5df2\u6dfb\u52a0\u3002"}}, {"model": "xadmin.log", "pk": 81, "fields": {"action_time": "2017-06-22T15:32:50.068Z", "user": 1, "ip_addr": "127.0.0.1", "content_type": 21, "object_id": "44cc84d2-323c-414d-8ab7-6750e5c2a393", "object_repr": "\u4e7e\u9686\u5927\u85cf\u7ecf", "action_flag": "create", "message": "\u5df2\u6dfb\u52a0\u3002"}}, {"model": "xadmin.log", "pk": 82, "fields": {"action_time": "2017-06-22T15:34:06.073Z", "user": 1, "ip_addr": "127.0.0.1", "content_type": 22, "object_id": "73adc9fd-16a1-446e-ab03-e01f7ae2ff7d", "object_repr": "\u59da\u79e6", "action_flag": "create", "message": "\u5df2\u6dfb\u52a0\u3002"}}, {"model": "xadmin.log", "pk": 83, "fields": {"action_time": "2017-06-22T15:34:20.093Z", "user": 1, "ip_addr": "127.0.0.1", "content_type": 22, "object_id": "73adc9fd-16a1-446e-ab03-e01f7ae2ff7d", "object_repr": "\u59da\u79e6", "action_flag": "change", "message": "\u4fee\u6539 type"}}, {"model": "xadmin.log", "pk": 84, "fields": {"action_time": "2017-06-22T15:35:59.430Z", "user": 1, "ip_addr": "127.0.0.1", "content_type": 21, "object_id": "fb4bbf15-6f1a-4ffe-bfaf-fc808c4b9015", "object_repr": "\u5148\u79e6", "action_flag": "create", "message": "\u5df2\u6dfb\u52a0\u3002"}}, {"model": "xadmin.log", "pk": 85, "fields": {"action_time": "2017-06-22T15:36:50.974Z", "user": 1, "ip_addr": "127.0.0.1", "content_type": 21, "object_id": "8bfad895-16f6-4713-9c53-001729cadf1d", "object_repr": "\u5148\u79e6", "action_flag": "create", "message": "\u5df2\u6dfb\u52a0\u3002"}}, {"model": "reversion.revision", "pk": 1, "fields": {"date_created": "2017-06-16T14:32:28.629Z", "user": 1, "comment": ""}}, {"model": "reversion.revision", "pk": 2, "fields": {"date_created": "2017-06-16T14:32:51.762Z", "user": 1, "comment": ""}}, {"model": "reversion.revision", "pk": 3, "fields": {"date_created": "2017-06-16T14:36:28.347Z", "user": 1, "comment": ""}}, {"model": "reversion.revision", "pk": 4, "fields": {"date_created": "2017-06-16T14:36:45.073Z", "user": 1, "comment": ""}}, {"model": "reversion.revision", "pk": 5, "fields": {"date_created": "2017-06-16T14:37:01.991Z", "user": 1, "comment": ""}}, {"model": "reversion.revision", "pk": 6, "fields": {"date_created": "2017-06-16T14:38:22.188Z", "user": 1, "comment": ""}}, {"model": "reversion.revision", "pk": 7, "fields": {"date_created": "2017-06-16T14:38:56.506Z", "user": 1, "comment": ""}}, {"model": "reversion.revision", "pk": 8, "fields": {"date_created": "2017-06-16T14:39:11.136Z", "user": 1, "comment": ""}}, {"model": "reversion.revision", "pk": 9, "fields": {"date_created": "2017-06-16T14:39:38.432Z", "user": 1, "comment": ""}}, {"model": "reversion.revision", "pk": 10, "fields": {"date_created": "2017-06-16T14:40:33.667Z", "user": 1, "comment": ""}}, {"model": "reversion.revision", "pk": 11, "fields": {"date_created": "2017-06-16T14:43:19.118Z", "user": 1, "comment": ""}}, {"model": "reversion.revision", "pk": 12, "fields": {"date_created": "2017-06-16T14:43:59.014Z", "user": 1, "comment": ""}}, {"model": "reversion.revision", "pk": 13, "fields": {"date_created": "2017-06-16T14:45:11.777Z", "user": 1, "comment": ""}}, {"model": "reversion.revision", "pk": 14, "fields": {"date_created": "2017-06-16T14:46:31.731Z", "user": 1, "comment": ""}}, {"model": "reversion.revision", "pk": 15, "fields": {"date_created": "2017-06-16T14:51:53.507Z", "user": 1, "comment": ""}}, {"model": "reversion.revision", "pk": 16, "fields": {"date_created": "2017-06-16T14:54:12.963Z", "user": 1, "comment": ""}}, {"model": "reversion.revision", "pk": 17, "fields": {"date_created": "2017-06-16T14:55:24.743Z", "user": 1, "comment": ""}}, {"model": "reversion.revision", "pk": 18, "fields": {"date_created": "2017-06-16T14:56:48.513Z", "user": 1, "comment": ""}}, {"model": "reversion.revision", "pk": 19, "fields": {"date_created": "2017-06-16T14:57:38.368Z", "user": 1, "comment": ""}}, {"model": "reversion.revision", "pk": 20, "fields": {"date_created": "2017-06-16T15:01:35.743Z", "user": 1, "comment": ""}}, {"model": "reversion.revision", "pk": 21, "fields": {"date_created": "2017-06-16T15:02:25.220Z", "user": 1, "comment": ""}}, {"model": "reversion.revision", "pk": 22, "fields": {"date_created": "2017-06-16T15:03:55.648Z", "user": 1, "comment": ""}}, {"model": "reversion.revision", "pk": 23, "fields": {"date_created": "2017-06-16T15:04:30.529Z", "user": 1, "comment": ""}}, {"model": "reversion.revision", "pk": 24, "fields": {"date_created": "2017-06-16T15:05:24.107Z", "user": 1, "comment": ""}}, {"model": "reversion.revision", "pk": 25, "fields": {"date_created": "2017-06-16T15:06:07.807Z", "user": 1, "comment": ""}}, {"model": "reversion.revision", "pk": 26, "fields": {"date_created": "2017-06-16T15:08:55.435Z", "user": 1, "comment": ""}}, {"model": "reversion.revision", "pk": 27, "fields": {"date_created": "2017-06-16T15:09:19.091Z", "user": 1, "comment": ""}}, {"model": "reversion.revision", "pk": 28, "fields": {"date_created": "2017-06-16T15:09:46.790Z", "user": 1, "comment": ""}}, {"model": "reversion.revision", "pk": 29, "fields": {"date_created": "2017-06-16T15:11:06.898Z", "user": 1, "comment": ""}}, {"model": "reversion.revision", "pk": 30, "fields": {"date_created": "2017-06-16T15:11:26.065Z", "user": 1, "comment": ""}}, {"model": "reversion.revision", "pk": 31, "fields": {"date_created": "2017-06-16T15:11:46.386Z", "user": 1, "comment": ""}}, {"model": "reversion.revision", "pk": 32, "fields": {"date_created": "2017-06-16T15:12:17.527Z", "user": 1, "comment": ""}}, {"model": "reversion.revision", "pk": 33, "fields": {"date_created": "2017-06-16T15:12:40.713Z", "user": 1, "comment": ""}}, {"model": "reversion.revision", "pk": 34, "fields": {"date_created": "2017-06-16T15:13:21.748Z", "user": 1, "comment": ""}}, {"model": "reversion.revision", "pk": 35, "fields": {"date_created": "2017-06-16T15:13:38.398Z", "user": 1, "comment": ""}}, {"model": "reversion.revision", "pk": 36, "fields": {"date_created": "2017-06-16T15:19:19.834Z", "user": 1, "comment": ""}}, {"model": "reversion.revision", "pk": 37, "fields": {"date_created": "2017-06-16T15:20:10.264Z", "user": 1, "comment": ""}}, {"model": "reversion.revision", "pk": 38, "fields": {"date_created": "2017-06-16T15:20:43.958Z", "user": 1, "comment": ""}}, {"model": "reversion.revision", "pk": 39, "fields": {"date_created": "2017-06-16T15:42:18.540Z", "user": 1, "comment": ""}}, {"model": "reversion.revision", "pk": 40, "fields": {"date_created": "2017-06-16T15:46:26.055Z", "user": 1, "comment": ""}}, {"model": "reversion.revision", "pk": 41, "fields": {"date_created": "2017-06-16T15:48:41.040Z", "user": 1, "comment": ""}}, {"model": "reversion.revision", "pk": 42, "fields": {"date_created": "2017-06-16T15:50:44.786Z", "user": 1, "comment": ""}}, {"model": "reversion.revision", "pk": 43, "fields": {"date_created": "2017-06-16T16:28:21.502Z", "user": 1, "comment": ""}}, {"model": "reversion.revision", "pk": 44, "fields": {"date_created": "2017-06-16T16:28:57.303Z", "user": 1, "comment": ""}}, {"model": "reversion.revision", "pk": 45, "fields": {"date_created": "2017-06-16T16:29:12.436Z", "user": 1, "comment": ""}}, {"model": "reversion.revision", "pk": 46, "fields": {"date_created": "2017-06-16T16:29:24.778Z", "user": 1, "comment": ""}}, {"model": "reversion.revision", "pk": 47, "fields": {"date_created": "2017-06-16T16:30:20.029Z", "user": 1, "comment": ""}}, {"model": "reversion.revision", "pk": 48, "fields": {"date_created": "2017-06-16T16:30:40.089Z", "user": 1, "comment": ""}}, {"model": "reversion.revision", "pk": 49, "fields": {"date_created": "2017-06-16T16:30:55.490Z", "user": 1, "comment": ""}}, {"model": "reversion.revision", "pk": 50, "fields": {"date_created": "2017-06-16T16:31:10.083Z", "user": 1, "comment": ""}}, {"model": "reversion.revision", "pk": 51, "fields": {"date_created": "2017-06-17T05:18:17.574Z", "user": 1, "comment": ""}}, {"model": "reversion.revision", "pk": 52, "fields": {"date_created": "2017-06-17T09:08:10.490Z", "user": 1, "comment": ""}}, {"model": "reversion.revision", "pk": 53, "fields": {"date_created": "2017-06-17T09:08:28.818Z", "user": 1, "comment": ""}}, {"model": "reversion.revision", "pk": 54, "fields": {"date_created": "2017-06-17T09:08:38.662Z", "user": 1, "comment": ""}}, {"model": "reversion.revision", "pk": 55, "fields": {"date_created": "2017-06-17T09:09:14.511Z", "user": 1, "comment": ""}}, {"model": "reversion.revision", "pk": 56, "fields": {"date_created": "2017-06-17T09:09:21.393Z", "user": 1, "comment": ""}}, {"model": "reversion.revision", "pk": 57, "fields": {"date_created": "2017-06-17T09:09:43.004Z", "user": 1, "comment": ""}}, {"model": "reversion.revision", "pk": 58, "fields": {"date_created": "2017-06-17T09:09:54.493Z", "user": 1, "comment": ""}}, {"model": "reversion.revision", "pk": 59, "fields": {"date_created": "2017-06-17T09:10:05.672Z", "user": 1, "comment": ""}}, {"model": "reversion.revision", "pk": 60, "fields": {"date_created": "2017-06-17T09:10:14.276Z", "user": 1, "comment": ""}}, {"model": "reversion.revision", "pk": 61, "fields": {"date_created": "2017-06-17T09:10:23.540Z", "user": 1, "comment": ""}}, {"model": "reversion.revision", "pk": 62, "fields": {"date_created": "2017-06-17T09:10:32.739Z", "user": 1, "comment": ""}}, {"model": "reversion.revision", "pk": 63, "fields": {"date_created": "2017-06-17T09:10:40.961Z", "user": 1, "comment": ""}}, {"model": "reversion.revision", "pk": 64, "fields": {"date_created": "2017-06-17T09:10:47.504Z", "user": 1, "comment": ""}}, {"model": "reversion.revision", "pk": 65, "fields": {"date_created": "2017-06-17T09:11:30.949Z", "user": 1, "comment": ""}}, {"model": "reversion.revision", "pk": 66, "fields": {"date_created": "2017-06-18T05:47:58.995Z", "user": 1, "comment": ""}}, {"model": "reversion.revision", "pk": 67, "fields": {"date_created": "2017-06-18T05:50:07.813Z", "user": 1, "comment": ""}}, {"model": "reversion.revision", "pk": 68, "fields": {"date_created": "2017-06-18T05:50:55.682Z", "user": 1, "comment": ""}}, {"model": "reversion.revision", "pk": 69, "fields": {"date_created": "2017-06-18T05:53:19.504Z", "user": 1, "comment": ""}}, {"model": "reversion.revision", "pk": 70, "fields": {"date_created": "2017-06-18T05:54:14.301Z", "user": 1, "comment": ""}}, {"model": "reversion.revision", "pk": 71, "fields": {"date_created": "2017-06-18T05:55:12.085Z", "user": 1, "comment": ""}}, {"model": "reversion.revision", "pk": 72, "fields": {"date_created": "2017-06-18T05:56:50.789Z", "user": 1, "comment": ""}}, {"model": "reversion.revision", "pk": 73, "fields": {"date_created": "2017-06-18T07:24:52.919Z", "user": 1, "comment": ""}}, {"model": "reversion.revision", "pk": 74, "fields": {"date_created": "2017-06-18T07:25:30.727Z", "user": 1, "comment": ""}}, {"model": "reversion.revision", "pk": 75, "fields": {"date_created": "2017-06-18T07:26:16.228Z", "user": 1, "comment": ""}}, {"model": "reversion.revision", "pk": 76, "fields": {"date_created": "2017-06-22T14:30:51.867Z", "user": 1, "comment": ""}}, {"model": "reversion.revision", "pk": 77, "fields": {"date_created": "2017-06-22T15:27:28.246Z", "user": 1, "comment": ""}}, {"model": "reversion.revision", "pk": 78, "fields": {"date_created": "2017-06-22T15:28:28.188Z", "user": 1, "comment": ""}}, {"model": "reversion.revision", "pk": 79, "fields": {"date_created": "2017-06-22T15:28:53.762Z", "user": 1, "comment": ""}}, {"model": "reversion.revision", "pk": 80, "fields": {"date_created": "2017-06-22T15:32:50.057Z", "user": 1, "comment": ""}}, {"model": "reversion.revision", "pk": 81, "fields": {"date_created": "2017-06-22T15:34:06.060Z", "user": 1, "comment": ""}}, {"model": "reversion.revision", "pk": 82, "fields": {"date_created": "2017-06-22T15:34:20.089Z", "user": 1, "comment": ""}}, {"model": "reversion.revision", "pk": 83, "fields": {"date_created": "2017-06-22T15:35:59.416Z", "user": 1, "comment": ""}}, {"model": "reversion.revision", "pk": 84, "fields": {"date_created": "2017-06-22T15:36:50.970Z", "user": 1, "comment": ""}}]