[{"model": "core.series", "pk": "5eb40a40-2efc-4b14-814e-9bf57f8247bd", "fields": {"code": "QLZ", "name": "\u4e7e\u9686\u85cf", "type": "SS", "volume_count": 168, "sutra_count": 12, "dynasty": "\u6e05", "historic_site": "\u5317\u4eac", "publish_name": "\u4e2d\u56fd\u4e66\u5e97\u51fa\u7248\u793e", "publish_date": "2007-01-01", "publish_edition": 1, "publish_prints": 1, "publish_ISBN": "9787806635209", "remark": ""}}, {"model": "core.series", "pk": "5f689d56-d36f-47fc-86af-e876a49bcfcb", "fields": {"code": "GL", "name": "\u83e9\u63d0\u9053\u6b21\u7b2c\u7565\u8bba", "type": "OP", "volume_count": null, "sutra_count": null, "dynasty": null, "historic_site": null, "publish_name": null, "publish_date": null, "publish_edition": null, "publish_prints": null, "publish_ISBN": null, "remark": ""}}, {"model": "core.series", "pk": "bd36edf5-cc6d-4962-9198-a44d43f4f916", "fields": {"code": "YLBZ", "name": "\u6c38\u4e50\u5317\u85cf", "type": "SS", "volume_count": null, "sutra_count": null, "dynasty": "\u660e", "historic_site": null, "publish_name": null, "publish_date": null, "publish_edition": null, "publish_prints": null, "publish_ISBN": null, "remark": ""}}, {"model": "core.volume", "pk": "24de952e-bd83-4ad8-8758-99af6262fcdb", "fields": {"code": "QLZ002", "name": "\u7b2c\u4e8c\u518c", "series": "5eb40a40-2efc-4b14-814e-9bf57f8247bd", "start_page": null, "end_page": null, "remark": ""}}, {"model": "core.volume", "pk": "730a0d61-acf5-487a-96bf-c4c30681f61e", "fields": {"code": "QLZ001", "name": "\u7b2c\u4e00\u518c", "series": "5eb40a40-2efc-4b14-814e-9bf57f8247bd", "start_page": null, "end_page": null, "remark": ""}}, {"model": "core.volume", "pk": "efbf3a8b-288a-4f38-85bb-9dce125ff987", "fields": {"code": "QLZ003", "name": "\u7b2c\u4e09\u518c", "series": "5eb40a40-2efc-4b14-814e-9bf57f8247bd", "start_page": null, "end_page": null, "remark": ""}}, {"model": "core.sutra", "pk": "1ebd870a-9573-4d26-9248-1640c06cc881", "fields": {"code": "QLZJ0002", "name": "\u653e\u5149\u822c\u82e5\u6ce2\u7f57\u871c\u7ecf", "type": "ST", "series": "5eb40a40-2efc-4b14-814e-9bf57f8247bd", "clazz": "\u822c\u82e5\u7c7b", "translator": "ae3e5db2-8766-49cc-aecf-175444dfa256", "dynasty": "\u5510", "historic_site": "\u7389\u534e\u5bfa", "roll_count": 30, "start_page": null, "end_page": null, "qianziwen": null, "remark": ""}}, {"model": "core.sutra", "pk": "2618d1ce-0009-44d1-bb91-cd431bca3082", "fields": {"code": "QLZJ0007", "name": "\u6cd5\u534e\u7ecf", "type": "ST", "series": "5eb40a40-2efc-4b14-814e-9bf57f8247bd", "clazz": "\u5929\u53f0", "translator": "40d84a50-8588-4b80-b920-92d3825be390", "dynasty": "\u540e\u51c9", "historic_site": "\u957f\u5b89", "roll_count": 78, "start_page": null, "end_page": null, "qianziwen": null, "remark": ""}}, {"model": "core.sutra", "pk": "8397958f-d07d-418e-b985-f3883c79174f", "fields": {"code": "QLZJ0001", "name": "\u5927\u822c\u82e5\u6ce2\u7f57\u871c\u591a\u7ecf", "type": "ST", "series": "5eb40a40-2efc-4b14-814e-9bf57f8247bd", "clazz": "\u822c\u82e5\u7c7b", "translator": "ae3e5db2-8766-49cc-aecf-175444dfa256", "dynasty": "\u5510", "historic_site": "\u6148\u6069\u5bfa", "roll_count": 600, "start_page": null, "end_page": null, "qianziwen": null, "remark": ""}}, {"model": "core.sutra", "pk": "96ba6ab4-5d08-48e0-8a0a-4a5f885560f9", "fields": {"code": "QLZJ0006", "name": "\u5341\u8bf5\u5f8b", "type": "RT", "series": "5eb40a40-2efc-4b14-814e-9bf57f8247bd", "clazz": "\u5927\u5c0f\u4e58\u5f8b", "translator": "40d84a50-8588-4b80-b920-92d3825be390", "dynasty": "\u5f18\u59cb", "historic_site": "\u897f\u660e\u9601", "roll_count": 55, "start_page": null, "end_page": null, "qianziwen": null, "remark": ""}}, {"model": "core.sutra", "pk": "af920878-0f63-49db-a6df-680fe49fdddf", "fields": {"code": "QLZJ0004", "name": "\u4e2d\u8bba", "type": "TT", "series": "5eb40a40-2efc-4b14-814e-9bf57f8247bd", "clazz": "\u4e2d\u89c2\u6d3e\u8bba", "translator": "40d84a50-8588-4b80-b920-92d3825be390", "dynasty": "\u5f18\u59cb", "historic_site": "\u897f\u660e\u9601", "roll_count": 32, "start_page": null, "end_page": null, "qianziwen": null, "remark": ""}}, {"model": "core.sutra", "pk": "be7da083-1ea2-4537-bd65-ae1795aafc62", "fields": {"code": "QLZJ0005", "name": "\u5341\u4e8c\u95e8\u8bba", "type": "TT", "series": "5eb40a40-2efc-4b14-814e-9bf57f8247bd", "clazz": "\u4e2d\u89c2\u6d3e\u8bba", "translator": "40d84a50-8588-4b80-b920-92d3825be390", "dynasty": "\u5f18\u59cb", "historic_site": "\u897f\u660e\u9601", "roll_count": 23, "start_page": null, "end_page": null, "qianziwen": null, "remark": ""}}, {"model": "core.sutra", "pk": "f707b49d-d2c5-4c43-b776-cf5105ee03a9", "fields": {"code": "QLZJ0003", "name": "\u51fa\u4e09\u85cf\u8bb0\u96c6", "type": "ST", "series": "5eb40a40-2efc-4b14-814e-9bf57f8247bd", "clazz": "\u5927\u4e58\u7985\u7ecf", "translator": "40d84a50-8588-4b80-b920-92d3825be390", "dynasty": "\u5f18\u59cb", "historic_site": "\u897f\u660e\u9601", "roll_count": 294, "start_page": null, "end_page": null, "qianziwen": null, "remark": ""}}, {"model": "core.roll", "pk": "1199a635-b025-4778-b06e-3d0d6d4426de", "fields": {"code": "QLZJ0001-003", "name": "\u7b2c\u4e09\u5377", "series": "5eb40a40-2efc-4b14-814e-9bf57f8247bd", "sutra": "8397958f-d07d-418e-b985-f3883c79174f", "page_count": 30, "start_page": null, "end_page": null, "qianziwen": null, "remark": ""}}, {"model": "core.roll", "pk": "872505bb-0242-4ab3-b6e0-4aeff961a0f2", "fields": {"code": "QLZJ0001-004", "name": "\u7b2c\u56db\u5377", "series": "5eb40a40-2efc-4b14-814e-9bf57f8247bd", "sutra": "8397958f-d07d-418e-b985-f3883c79174f", "page_count": 30, "start_page": null, "end_page": null, "qianziwen": null, "remark": ""}}, {"model": "core.roll", "pk": "9a8dbd70-e855-486b-94c3-584d39c93b81", "fields": {"code": "QLZJ0001-002", "name": "\u7b2c\u4e8c\u5377", "series": "5eb40a40-2efc-4b14-814e-9bf57f8247bd", "sutra": "8397958f-d07d-418e-b985-f3883c79174f", "page_count": 30, "start_page": null, "end_page": null, "qianziwen": null, "remark": ""}}, {"model": "core.roll", "pk": "9f3e6e8f-ce63-47db-8b35-1f93583c2f2c", "fields": {"code": "QLZJ0001-005", "name": "\u7b2c\u4e94\u5377", "series": "5eb40a40-2efc-4b14-814e-9bf57f8247bd", "sutra": "8397958f-d07d-418e-b985-f3883c79174f", "page_count": 30, "start_page": null, "end_page": null, "qianziwen": null, "remark": ""}}, {"model": "core.roll", "pk": "c8b7a0e6-84e6-47a1-9d39-969d8deffa33", "fields": {"code": "QLZJ0001-001", "name": "\u7b2c\u4e00\u5377", "series": "5eb40a40-2efc-4b14-814e-9bf57f8247bd", "sutra": "8397958f-d07d-418e-b985-f3883c79174f", "page_count": 30, "start_page": null, "end_page": null, "qianziwen": null, "remark": ""}}, {"model": "core.page", "pk": "0c5a541f-5e50-461a-8219-481853c6921f", "fields": {"code": "QLZ001-0006", "name": "6", "series": "5eb40a40-2efc-4b14-814e-9bf57f8247bd", "volume": "730a0d61-acf5-487a-96bf-c4c30681f61e", "sutra": "8397958f-d07d-418e-b985-f3883c79174f", "roll": "c8b7a0e6-84e6-47a1-9d39-969d8deffa33", "pre_page": null, "next_page": null}}, {"model": "core.page", "pk": "12383b77-8df2-4377-b9dc-2de5183d92e3", "fields": {"code": "QLZ002-0003", "name": "3", "series": "5eb40a40-2efc-4b14-814e-9bf57f8247bd", "volume": "24de952e-bd83-4ad8-8758-99af6262fcdb", "sutra": "af920878-0f63-49db-a6df-680fe49fdddf", "roll": "c8b7a0e6-84e6-47a1-9d39-969d8deffa33", "pre_page": null, "next_page": null}}, {"model": "core.page", "pk": "244e68f0-f903-4e17-82f7-b99a918afe0e", "fields": {"code": "QLZ001-0001", "name": "1", "series": "5eb40a40-2efc-4b14-814e-9bf57f8247bd", "volume": "730a0d61-acf5-487a-96bf-c4c30681f61e", "sutra": "8397958f-d07d-418e-b985-f3883c79174f", "roll": "c8b7a0e6-84e6-47a1-9d39-969d8deffa33", "pre_page": null, "next_page": null}}, {"model": "core.page", "pk": "29b4144a-946d-4838-a910-e06c367929a4", "fields": {"code": "QLZ001-0005", "name": "5", "series": "5eb40a40-2efc-4b14-814e-9bf57f8247bd", "volume": "730a0d61-acf5-487a-96bf-c4c30681f61e", "sutra": "8397958f-d07d-418e-b985-f3883c79174f", "roll": "c8b7a0e6-84e6-47a1-9d39-969d8deffa33", "pre_page": null, "next_page": null}}, {"model": "core.page", "pk": "3ed7f292-fe1c-44b4-94dc-328dbf9ec708", "fields": {"code": "QLZ002-0001", "name": "1", "series": "5eb40a40-2efc-4b14-814e-9bf57f8247bd", "volume": "24de952e-bd83-4ad8-8758-99af6262fcdb", "sutra": "af920878-0f63-49db-a6df-680fe49fdddf", "roll": "c8b7a0e6-84e6-47a1-9d39-969d8deffa33", "pre_page": null, "next_page": null}}, {"model": "core.page", "pk": "48fc8594-80e1-409d-b0f3-4a5ca0fa5a1c", "fields": {"code": "QLZ001-0002", "name": "2", "series": "5eb40a40-2efc-4b14-814e-9bf57f8247bd", "volume": "730a0d61-acf5-487a-96bf-c4c30681f61e", "sutra": "8397958f-d07d-418e-b985-f3883c79174f", "roll": "c8b7a0e6-84e6-47a1-9d39-969d8deffa33", "pre_page": null, "next_page": null}}, {"model": "core.page", "pk": "6736e9dc-50c4-48b1-b7d9-28af16cb162e", "fields": {"code": "QLZ002-0002", "name": "2", "series": "5eb40a40-2efc-4b14-814e-9bf57f8247bd", "volume": "24de952e-bd83-4ad8-8758-99af6262fcdb", "sutra": "af920878-0f63-49db-a6df-680fe49fdddf", "roll": "c8b7a0e6-84e6-47a1-9d39-969d8deffa33", "pre_page": null, "next_page": null}}, {"model": "core.page", "pk": "914b3dae-1c3c-4d09-9c8c-7bc50911dbfd", "fields": {"code": "QLZ001-0003", "name": "3", "series": "5eb40a40-2efc-4b14-814e-9bf57f8247bd", "volume": "730a0d61-acf5-487a-96bf-c4c30681f61e", "sutra": "8397958f-d07d-418e-b985-f3883c79174f", "roll": "c8b7a0e6-84e6-47a1-9d39-969d8deffa33", "pre_page": null, "next_page": null}}, {"model": "core.page", "pk": "99437625-4439-4bd0-8dbe-d41829588ddf", "fields": {"code": "QLZ002-0004", "name": "4", "series": "5eb40a40-2efc-4b14-814e-9bf57f8247bd", "volume": "24de952e-bd83-4ad8-8758-99af6262fcdb", "sutra": "af920878-0f63-49db-a6df-680fe49fdddf", "roll": "c8b7a0e6-84e6-47a1-9d39-969d8deffa33", "pre_page": null, "next_page": null}}, {"model": "core.page", "pk": "f6208a1e-c974-4c95-869b-c97052933164", "fields": {"code": "QLZ001-0004", "name": "4", "series": "5eb40a40-2efc-4b14-814e-9bf57f8247bd", "volume": "730a0d61-acf5-487a-96bf-c4c30681f61e", "sutra": "8397958f-d07d-418e-b985-f3883c79174f", "roll": "c8b7a0e6-84e6-47a1-9d39-969d8deffa33", "pre_page": null, "next_page": null}}, {"model": "core.pageresource", "pk": "33cc31d9-5b29-4702-9866-b67f6a60f22f", "fields": {"page": "f6208a1e-c974-4c95-869b-c97052933164", "type": "IM", "resource": "0007.png"}}, {"model": "core.pageresource", "pk": "381f36df-9121-4d7b-a174-0935a2fa9fbe", "fields": {"page": "29b4144a-946d-4838-a910-e06c367929a4", "type": "IM", "resource": "0008.png"}}, {"model": "core.pageresource", "pk": "3bfb9d03-aca3-486a-84cf-7ed72c4fc5f8", "fields": {"page": "6736e9dc-50c4-48b1-b7d9-28af16cb162e", "type": "IM", "resource": "0002.png"}}, {"model": "core.pageresource", "pk": "6a4d19c0-9750-47fb-8ae9-2b842b74fb5c", "fields": {"page": "914b3dae-1c3c-4d09-9c8c-7bc50911dbfd", "type": "IM", "resource": "0005.png"}}, {"model": "core.pageresource", "pk": "834538b9-30b9-41bb-a7fc-8a434692de7c", "fields": {"page": "3ed7f292-fe1c-44b4-94dc-328dbf9ec708", "type": "TX", "resource": "roll_55.txt"}}, {"model": "core.pageresource", "pk": "8f08aa19-0b23-4077-a9b1-574a121674e0", "fields": {"page": "0c5a541f-5e50-461a-8219-481853c6921f", "type": "IM", "resource": "0006.png"}}, {"model": "core.pageresource", "pk": "9b3cd18d-bbf3-42ee-b5a2-64d98b8c99fe", "fields": {"page": "244e68f0-f903-4e17-82f7-b99a918afe0e", "type": "IM", "resource": "0001.png"}}, {"model": "core.pageresource", "pk": "a37064df-1f83-4183-95ea-0f517be22a85", "fields": {"page": "48fc8594-80e1-409d-b0f3-4a5ca0fa5a1c", "type": "IM", "resource": "0004.png"}}, {"model": "core.pageresource", "pk": "e7699260-388c-4be4-870d-cbcff174afcc", "fields": {"page": "f6208a1e-c974-4c95-869b-c97052933164", "type": "TX", "resource": "roll_56_NYRIJyS.txt"}}, {"model": "core.pageresource", "pk": "e920f3e5-6919-4918-a809-968edce9b8b5", "fields": {"page": "3ed7f292-fe1c-44b4-94dc-328dbf9ec708", "type": "IM", "resource": "0001_WfCE4sx.png"}}, {"model": "core.translator", "pk": "40d84a50-8588-4b80-b920-92d3825be390", "fields": {"name": "\u9e20\u6469\u7f57\u4ec0\u4e09\u85cf\u6cd5\u5e08", "type": "TS", "remark": ""}}, {"model": "core.translator", "pk": "ae3e5db2-8766-49cc-aecf-175444dfa256", "fields": {"name": "\u7384\u5958", "type": "TS", "remark": ""}}]